"pid","id","run_primary","rep_count_primary","id_similarity_primary","p_primary","c_primary","o_primary","f_primary","g_primary","s_primary","otu_primary","assignment","Contig_ID","Date","pid2","plate_row","plate_column","partner_plate","plate_number","sequence","Sample.Plate.ID","sample","UMI.Plate.ID","Forward.UMI.Label","Reverse.UMI.Label","Well.Coordinate","seq_length"
"CAMP_015_B7","CAMP_015_B7_AFI0763_1_None","batch_19_15062024",1,100,"Nematoda","Chromadorea","Rhabditida","Panagrolaimidae","None","None","BOLD:AFI0763","secondary","2","2024-06-23","CAMP_015_B7","7","B","CAMP","015","CAATATATTTTATTTTTGGTCTTTGATCAGGTATATTAGGTACTAGTTTTTCTATGATTATTCGTTTTGAGTTATCTAAACCAGGTTATTTTTTAGGTAACGGTCAGATTTATAATAGAGTTATTACAGCTCATGCTTTATTGATAATTTTTTTCATAGTTATACCAACTGTAATTGGTGGTTTTGGTAATTGAATAGTGCCTTTAATATTAGGGGCACCAGATATAAGTTTCCCCCGTTTAAATAATTTAAGATTTTGGTTATTGCCGACTTCTATATTATTATTGTTAGACGCTAGCTTCGTAGATACAGGTTGTGGAACAAGCTGAACTGTTTATCCTCCTTTAAGTACTTTGGGACATCCTGGAAGAAGTGTTGATTTAGCAATTTTTAGTTTACATTGTGCTGGTGTAAGTTCTATTATGGGTGGTATTAATTTTATGTGTACTACTAAAAATTTACGTAGAAGTTCTATTTCTTTAGAGCATATGAGTTTGTTTGTTTGAACTGTTTTTGTTACTGTTTTCTTATTAATTTTATCTTTGCCTGTTTTAGCTGGTGCTATTACTATGTTGTTGACTGATCGTAATATTAATACATCGTTTTTTGATCCTAGTTCTGGGGGTAATCCTTTAATTTATCAGCACTTATT","CAMP_015","sample",17,"PB1F_bc1050","PB1R_bc1163_rc","C14",652
"CAMP_015_D7","CAMP_015_D7_ADR1453_37_None","batch_19_15062024",37,98.751950078,"Nematoda","Chromadorea","Rhabditida","Panagrolaimidae","None","None","BOLD:ADR1453","secondary","2","2024-06-23","CAMP_015_D7","7","D","CAMP","015","ACAATATATTTTATTTTTGGTCTTTGATCAGGTATGTTAGGTACTAGTTTTTCTATGATTATTCGTTTTGAGTTATCTAAACCAGGTTATTTTTTAGGTAATGGTCAGATTTATAATAGAGTTATTACAGCTCATGCTTTACTGATAATTTTTTTTATAGTTATACCTACTGTAATTGGTGGTTTTGGTAATTGAATAGTGCCTCTAATATTAGGAGCACCAGATATAAGTTTCCCTCGTTTAAATAATTTAAGATTTTGGTTGTTGCCAACTTCAATATTATTATTGTTAGATGCTAGTTTCGTAGATACAGGTTGTGGAACAAGTTGAACTGTTTATCCTCCTTTAAGCACTTTAGGGCATCCTGGAAGAAGTGTTGATTTAGCAATTTTTAGTTTACATTGTGCTGGTGTAAGTTCTATTATAGGTGGTATTAATTTTATGTGTACTACTAAAAATTTACGTAGAAGTTCTATTTCTTTAGAGCATATGAGTTTATTTGTTTGAACTGTTTTTGTTACTGTTTTTTTATTAATTTTATCTTTGCCTGTTTTAGCTGGTGCTATTACTATGTTGTTAACTGATCGTAATATTAATACATCGTTTTTTGATCCTAGATCTGGTGGTAATCCTTTAATTTATCAGCATTTATTT","CAMP_015","sample",17,"PB1F_bc1052","PB1R_bc1163_rc","G14",654
"CAMP_015_D7","CAMP_015_D7_AFI6037_1_None","batch_19_15062024",1,98.1220657277,"Nematoda","Chromadorea","Rhabditida","Panagrolaimidae","None","None","BOLD:AFI6037","secondary","6","2024-06-23","CAMP_015_D7","7","D","CAMP","015","CATTATATTTTCTATTTGGAGCTTGAGCTGGAATAGTAGGAACTTCTTTAAGTATTTTAATTCGTATAGAACTTGGTCATCCAGGAGCATTAATTGGAGATGACCAAATTTATAATGTAATTGTTACTGCACATGCTTTTGTTATAATTTTTTTTATAGTAATACCTATTATAATTGGAGGATTTGGTAATTGAATAGTGCCTCTAATATTAGGAGCACCAGATATAAGTTTCCCTCGTTTAAATAATTTAAGATTTTGGTTGTTGCCAACTTCAATATTATTATTGTTAGATGCTAGTTTCGTAGATACAGGTTGTGGAACAAGTTGAACTGTTTATCCTCCTTTAAGCACTTTAGGGCATCCTGGAAGAAGTGTTGATTTAGCAATTTTAGTTTACATTGTGCTGGTGTAAGTTCTATTATAGGTGGTATTAATTTTATGTGTACTACTAAAAATTTACGTAGAAGTTCTATTTCTTTAGAGCATATGAGTTTATTTGTTTGAAACTGTTTTTGTTACTGTTTTTTTATTAATTTTATCTTTGCCTGTTTTAGCTGGTGCTATTACTATGTTGTTAACTGATCGTAATATTAATACATCGTTTTTTGATCCTAGATCTGGTGGTAATCCTTTAATTTATCAGCATTTTATT","CAMP_015","sample",17,"PB1F_bc1052","PB1R_bc1163_rc","G14",653
"CAMP_015_D7","CAMP_015_D7_EXCLUDED_1_None","batch_19_15062024",1,97.96875,"Nematoda","Chromadorea","Rhabditida","Panagrolaimidae","None","None","EXCLUDED","secondary","8","2024-06-23","CAMP_015_D7","7","D","CAMP","015","CATTATATTTTCTATTTGGAGCTTGAGCTGGAATAGTAGGAACTTCTTTAAGTATTTTAATTCGTATAGAACTTGGTCATCCAGGAGCATTAATTGGAGATGACCAAATTTATAATGTAATTGTTACTGCACATGCTTTTGTTATAATTTTTTTTATAGTAATACCTATTATAATTGGAGGATTTGGTAATTGATTAGTTCCTTTAATATTAGGAGCACCAGATATAAGTTTCCCTCGTTTAAATAATTTAAGATTTTGGTTGTTGCCAACTTCAATATTATTATTGTTAGATGCTAGTTTCGTAGATACAGGTTGTGGAACAAGTTGAACTGTTTATCCTCCTTTAAGCACTTTAGGGCATCCTGGAAGAAGTGTTGATTTAGCAATTTTTAGTTTACATTGTGCTGGTGTAAGTTCTATTATAGGTGGTATTAATTTTATGTGTACTACTAAAAATTTACGTAGAAGTTCTATTTCTTTAGAGCATATGAGTTTATTTGTTTGAACTGTTTTTGTTACTGTTTTTTTATTAATTTTATCTTTGCCTGTTTTAGCTGGTGCTATTACTATGTTGTTAACTGATCGTAATATTAATACATCGTTTTTTGATCCTAGATCTGGTGGTAATCCTTTAATTTATCAGCATTTATT","CAMP_015","sample",17,"PB1F_bc1052","PB1R_bc1163_rc","G14",652
"CAMP_015_D7","CAMP_015_D7_OTU5519_1_None","batch_19_15062024",1,95.46875,"Nematoda","Chromadorea","Rhabditida","Panagrolaimidae","None","None","OTU5519","secondary","7","2024-06-23","CAMP_015_D7","7","D","CAMP","015","CAATATATTTTATTTTTGGTCTTTGATCAGGTATGTTAGGTACTAGTTTTTCTATGATTATTCGTTTTGAGTTATCTAAACCAGGTTATTTTTTAGGTAATGGTCAGATTTATAATAGAGTTATTACAGCTCATGCTTTACTGATAATTTTTTTTATAGTTATACCTACTGTAATTGGTGGTTTTGGTAATTGAATAGTGCCTCTAATATTAGGAGCACCAGATATAAGTTTCCCTCGTTTAAATAATTTAAGATTTTGGTTGTTGCCAACTTCAATATTATTATTGTTAGATGCTAGTTTCGTAGATACAGGTTGTGGAACAAGTTGAACTGTTTATCCTCCTTTAAGCACTTTAGGGCATCCTGGAAGAAGTGTTGATTTAGCAATTTTTAGTTTACATTGTGCTGGTGTAAGTTCTATTATAGGTGGTATTAATTTTATGTGTACTACTAAAAATTTACGTAGAAGTTCTATTTCTTTAGAGCATATGAGTTTATTTGTTTGAACTGTTTTTGTTACTGTTTTTTTATTAATTTTATCTTTGCCTGTTTTAGCTGGTGCTATTACTATACTTTTAACAGATCGAAATTTAAATACATCTTTCTTTGACCCAGCTGAGGAGGAGACCCAATTTTATATCAACATTTATT","CAMP_015","sample",17,"PB1F_bc1052","PB1R_bc1163_rc","G14",651
"CAMP_019_A5","CAMP_019_A5_ADR1453_2_None","batch_19_15062024",2,98.4399375975,"Nematoda","Chromadorea","Rhabditida","Panagrolaimidae","None","None","BOLD:ADR1453","secondary","2","2024-06-23","CAMP_019_A5","5","A","CAMP","019","CAATATATTTTATTTTTGGTCTTTGATCAGGTATGTTAGGTACTAGTTTTTCTATGATTATTCGTTTTGAGTTATCTAAACCAGGTTATTTTTTAGGTAATGGTCAGATTTATAATAGAGTTATTACAGCTCATGCTTTACTTATAATTTTTTTTATAGTTATACCTACTGTAATTGGTGGTTTTGGTAATTGAATAGTGCCTCTAATATTAGGAGCACCAGATATGAGTTTTCCTCGTTTAAATAATTTAAGATTTTGGTTGTTGCCAACTTCAATATTATTATTGTTAGATGCTAGTTTCGTAGATACAGGTTGTGGAACAAGTTGAACTGTTTATCCTCCTTTAAGTACTTTAGGGCATCCTGGAAGAAGTGTTGATTTAGCAATTTTCAGTTTACATTGTGCTGGTGTAAGTTCTATTATAGGTGGTATTAATTTTATGTGTACTACTAAAAATTTACGTAGAAGTTCTATTTCTTTAGAGCATATAAGTTTATTTGTTTGAACTGTTTTTGTTACTGTTTTTTTATTAATTTTATCTTTGCCTGTTTTAGCTGGTGCTATTACTATGTTGTTAACTGATCGTAATATTAATACATCGTTTTTTGATCCTAGATCTGGTGGTAATCCTTTAATTTATCAGCATTTATT","CAMP_019","sample",18,"PB1F_bc1033","PB1R_bc1167_rc","A10",652
"CAMP_019_E3","CAMP_019_E3_ADR1453_6_None","batch_19_15062024",6,98.751950078,"Nematoda","Chromadorea","Rhabditida","Panagrolaimidae","None","None","BOLD:ADR1453","secondary","2","2024-06-23","CAMP_019_E3","3","E","CAMP","019","CAATATATTTTATTTTTGGTCTTTGATCAGGTATGTTAGGTACTAGTTTTTCTATGATTATTCGTTTTGAGTTATCTAAACCAGGTTATTTTTTAGGTAATGGTCAGATTTATAATAGAGTTATTACAGCTCATGCTTTACTGATAATTTTTTTTATAGTTATACCTACTGTAATTGGTGGTTTTGGTAATTGAATAGTGCCTCTAATATTAGGAGCACCAGATATAAGTTTCCCTCGTTTAAATAATTTAAGATTTTGGTTGTTGCCAACTTCAATATTATTATTGTTAGATGCTAGTTTCGTAGATACAGGTTGTGGAACAAGTTGAACTGTTTATCCTCCTTTAAGCACTTTAGGGCATCCTGGAAGAAGTGTTGATTTAGCAATTTTTAGTTTACATTGTGCTGGTGTAAGTTCTATTATAGGTGGTATTAATTTTATGTGTACTACTAAAAATTTACGTAGAAGTTCTATTTCTTTAGAGCATATGAGTTTATTTGTTTGAACTGTTTTTGTTACTGTTTTTTTATTAATTTTATCTTTGCCTGTTTTAGCTGGTGCTATTACTATGTTGTTAACTGATCGTAATATTAATACATCGTTTTTTGATCCTAGATCTGGTGGTAATCCTTTAATTTATCAGCATTTATT","CAMP_019","sample",18,"PB1F_bc1021","PB1R_bc1167_rc","I6",652
"CAMP_027_A1","CAMP_027_A1_AAA2504_2_Lumbricus","batch_19_15062024",2,99.2366412214,"Annelida","Clitellata","Crassiclitellata","Lumbricidae","Lumbricus","Lumbricus terrestris","BOLD:AAA2504","secondary","3","2024-06-23","CAMP_027_A1","1","A","CAMP","027","CTCTATACTTCATTCTTGGGGTGTGGGCTGGCATGGTAGGAGCCGGAATAAGACTTCTTATCCGTATTGAGCTAAGACAACCTGGTGCATTCCTAGGCAGTGACCAATTATACAATACAATCGTTACTGCGCACGCATTTGTTATAATTTTCTTCCTAGTGATACCAGTCTTCATTGGCGGGTTTGGGAACTGACTTCTTCCCCTAATACTGGGCGCTCCTGATATAGCATTCCCACGCCTAAATAACATAAGATTTTGACTTCTACCCCCCTCTCTTATTCTCCTAGTTTCCTCGGCTGCCGTAGAGAGGGGAGCCGGAACAGGTTGAACAGTATACCCCCCTCTTGCCAGAAATCTCGCCCATGCTGGCCCATCTGTAGATTTAGCTATTTTTTCCCTCCATTTAGCAGGTGCATCCTCTATTCTAGGGGCTATTAATTTTATTACCACTGTAATCAACATACGTTGAAGTGGGTTACGACTAGAGCGAATCCCTCTGTTTGTCTGAGCTGTATTAATCACAGTAGTTCTCCTCCTCCTATCCCTTCCCGTACTTGCCGGAGCAATCACAATACTCCTAACAGATCGAAATCTTAATACTTCATTTTTCGACCCCGCTGGTGGGGGGGATCCAATTTTATATCAACACCTTTT","CAMP_027","sample",18,"PB1F_bc1001","PB1R_bc1168_rc","B2",655
"CAMP_038_F9","CAMP_038_F9_ADQ8029_9_None","batch_19_15062024",9,98.8924050633,"Nematoda","Chromadorea","Rhabditida","Rhabdiasidae","None","None","BOLD:ADQ8029","secondary","3","2024-06-23","CAMP_038_F9","9","F","CAMP","038","CTTTATATCTTATTTTTGGTCTATGATCAGGAATAGTTGGTACAAGACTTTCTATAATTATTCGTATAGAGTTAGCTAAACCTGGTTATATGTTAGGTAATGGTCAATTATATAATTCTGTTTTAACTGCTCATGCTATTTTAATAATTTTCTTTATAGTTATACCTAGAATGATTGGTGGTTTTGGTAATTGATTATTACCATTAATATTAGGTGCTCCAGATATAAGATTTCCTCGTTTAAATAACGTAAGATTCTGATTATTACCAGCAGCTATATTTTTGATTTTAGATGCTTGTTTTGTTGATTCTGGTTGTGGTACTAGATGAACAGTTTATCCTCCATTAAGAACTATAGGTCATCCAGGTAGAAGAGTAGATTTAGCTATTTTTAGTCTTCATTGTTCTGGTATTAGTTCTATCTTAGGTGGAATTAATTTTATATGTACTACTAAAAATCTTCGTAGTAGTTCTATCTCTTTAGAACATATAAGTTTATTTGTATGAACAGTTTTTGTAACAGTATTTTTATTAGTTTTATCTCTACCTGTATTAGCTGGTGCTATCACTATACTTTTAACTGATCGTAATTTAAATACTTCTTTCTTTGACCCTAGAATAGGTGGTAATCCTTTGATTTATCAACATTTATTT","CAMP_038","sample",1,"PB1F_bc1195","PB1R_bc1097_rc","K17",653
"CAMP_039_F6","CAMP_039_F6_AFF9981_12_None","batch_19_15062024",12,100,"Nematoda","Chromadorea","Rhabditida","None","None","None","BOLD:AFF9981","secondary","3","2024-06-23","CAMP_039_F6","6","F","CAMP","039","GTACATTATATTTTTTATTTGGTTTAATTTCTGGTATAATTGGTACTAGTCTTTCTCTTATTATTCGTTTTGAATTATCTAAACCTGGTTTTTTTCTTGAAAATGGTCAACTTTATAATTCTGTTTTAACTGCTCATGCATTAATAATAATTTTTTTTATAGTTATACCTAGAATAATTGGTGGTTTTGGTAATTGAATAGTTCCTTTAATATTAGGTTCTCCAGATATAAGATTTCCTCGTTTAAATAATTTAAGATTTTGACTTCTTCCTACATCTTTGTTTTTAATTATTAATTCTATATTTGTAGATACTGGTTGTGGAACTAGTTGAGTTGTATATCCTCCTTTAAGTACCCTTGGTCATCCTGGTAGAAGAGTTGATTTAGCTATTTTTAGTCTTCATTGTGCTGGTGTAAGATCAATTTTAGGTGGTATTAATTTTATATGTACTACTAAAAATTTACGTAGAAGTTCAATTTCTCTTGAACATATAAGTCTTTTTGTTTGAAGGGTATTTGTAACAGTTTTTTTGTTGGTTTTGTCTTTACCTGTATTAGCTGGAGCTATTACAATATTATTAACTGATCGTAACTTTAATACTTCTTTTTTTGATCCTAGAGCTGGTGGTAATCCTTTAATTTATCAGCATCTTTT","CAMP_039","sample",1,"PB1F_bc1046","PB1R_bc1098_rc","L11",655
"CAMP_039_F6","CAMP_039_F6_AFI6046_76_None","batch_19_15062024",76,100,"Nematoda","Chromadorea","Rhabditida","None","None","None","BOLD:AFI6046","primary","1","2024-06-23","CAMP_039_F6","6","F","CAMP","039","TAGTTTATATTTTTTTTTAGGTTTATTTTCTGGTATAATTGGTACAAGACTTTCTCTTATTATTCGTCTAGAATTATCTAAACCTGGGTTTTTTATTGAAAATGGTCAATTATATAATTCTATTTTAACAGCTCATGCTTTAATAATAATTTTTTTTATAGTTATGCCAACGATAATTGGTGGTTTTGGTAATTGAATATTACCTTTAATATTGGGTTCTCCTGATATGAGATTTCCTCGTTTAAATAATTTAAGTTTTTGACTTTTACCTACTTCTCTTTTTTTAATTTTAAATTCTATATTTGTAGATACTGGTTGTGGAACTAGTTGAGTAATTTATCCTCCTTTGAGAACATCTGGTCACCCAGGTAGGAGAGTAGATTTGGCTATTTTTAGTTTACATTGTGCTGGTGTTAGATCTATTTTAGGGGGTATTAATTTTATATGTACAACAAAAAATTTACGTAGAAGATCAATCTCTTTAGAGCATATAAGTTTATTTGTCTGAAGTGTTTTTGTAACAGTTTTTTTATTAGTATTATCTCTCCCTGTATTAGCTGGTGCTATTACTATATTATTAACAGATCGTAATTTTAATACTTCTTTTTTTGATCCTAGATCGGGAGGTAATCCTCTTATTTATCAACATTTATTTT","CAMP_039","sample",1,"PB1F_bc1046","PB1R_bc1098_rc","L11",656
"CAMP_039_F6","CAMP_039_F6_OTU2660_1_None","batch_19_15062024",1,94.1358024691,"Nematoda","Chromadorea","Rhabditida","None","None","None","OTU2660","secondary","6","2024-06-23","CAMP_039_F6","6","F","CAMP","039","ATTATATTTTTTATTTGGTTTAATTTCTGGTATAATTGGTACTAGTCTTTCTCTTATTATTCGTTTTGAATTATCTAAACCTGGTTTTTTTCTTGAAAATGGTCAACTTTATAATTCTGTTTTAACTGCTTATGCATTAATAATAATTTTTTTTATAGTTATACCTAGAATAATTGGTGGTTTTGGTAATTGAATAGTTCCTTTAATATTAGGTTCTCCAGATATAAGATTTCCTCGTTTAAATAATTTAAGATTTTGACTTCTTCCTACATCTTTGTTTTAATTATTAATTCTATATTTGTAGATACTGGTTGTGGAACTAGTTGAGTTGTATATCCTCCTTTAAGTACCCTTGGTCATCCTGGTAGAAGAGTAGATTTGGCTATTTTTAGTTTACATTGTGCTGGTGTTAGATCTATTTTAGGGGGTATTAATTTTATATGTACAACAAAAAATTTACGTAGAAGATCAATCTCTTTAGAGCATATAAGTTTATTTGTCTGAAGTGTTTTTGTAACAGTTTTTTTATTAGTATTATCTCTCCCTGTATTAGCTGGTGCTATTACTATATTATTAACAGATCGTAATTTTAATACTTCTTTTTTTGATCCTAGATCGGGAGGTAATCCTCTTATTTATCAACATTTATT","CAMP_039","sample",1,"PB1F_bc1046","PB1R_bc1098_rc","L11",650
"CAMP_039_F6","CAMP_039_F6_OTU3431_1_None","batch_19_15062024",1,97.2265023112,"Nematoda","Chromadorea","Rhabditida","None","None","None","OTU3431","secondary","9","2024-06-23","CAMP_039_F6","6","F","CAMP","039","CATTATATTTTTTATTTGGTTTAATTTCTGGTATAATTGGTACTAGTCTTTCTCTTATTATTCGTTTTGAATTATCTAAACCTGGTTTTTTTCTTGAAAATGGTCAACTTTATAATTCTGTTTTAACTGCTCATGCATTAATAATAATTTTTTTTATAGTTATACCTAGAATAATTGGTGGTTTTGGTAATTGAATAGTTCCTTTAATATTAGGTTCTCCAGATATAAGATTTCCTCGTTTAAATAATTTAAGATTTTGACTTCTTCCTACATCTTTGTTTTTAATTATTAATTCTATATTTGTAGATACTGGTTGTGGAACTAGTTGAGTTGTATATCCTCCTTTAAGTACCCTTGGTCATCCTGGTAGAAGAGTTGATTTAGCTATTTTTAGTCTTCATTGTGCTGGTGTAAGATCAATTTTAGGTGGTATTAATTTTATATGTACTACTAAAAATTTACGTAGAAGTTCAATTTCTCTTGAACATATAAGTCTTTTTGTTTGAAGGGTATTTGTAACAGTTTTTTTATTAGTATTATCTCTCCCTGTATTAGCTGGTGCTATTACTATATTATTAACAGATCGTAATTTTAATACTTCTTTTTTTGATCCTAGATCGGGAGGTAATCCTCTTATTTATCAACATTTATT","CAMP_039","sample",1,"PB1F_bc1046","PB1R_bc1098_rc","L11",652
"CAMP_041_A3","CAMP_041_A3_OTU948_10_Philodina","batch_19_15062024",10,90.7294832827,"Rotifera","Bdelloidea","Bdelloidea_order_incertae_sedis","Philodinidae","Philodina","Philodina haejooni","OTU948","secondary","4","2024-06-23","CAMP_041_A3","3","A","CAMP","041","CTTTATATTTTATTATTGGTATTTGATCAGGTTTTTTGGGTGCGAGAATTAGTTTGATTATTCGTACTGAATTAGGTATAGTAGGTAGAGTTATTATAGATGAACAAATTTATAATTCTATAGTAACAGCTCATGCTTTTTTAATAATTTTCTTTTTTGTTATACCTGTTGCAGTAGGTGGGTTTGGTAATTGACTCTTACCTTTAATAATGAATGTTATAGATATAGCTTTTCCTCGTTTAAATAATTTGAGATTTTGATTAGTTCCTGTAGCTTTATTATTTATGAGTTTAAGATTATTGGTTGGTCTAGGTCCTGGTACTGGTTGAACAGTTTATCCTCCTTTATCAAATTCTGTTTATCATTTTGGTGGTTCCATTGATTTGGCTATTTTTAGTTTACATGTTGCTGGTGTTTCTTCAATTTTAGGTGGAATTAATTTTATTACGACTTGTTTAAAAGGTAAAATTAGTTATGTTCTAAGTCTTGAGTTTTTGAATTTATTTACTTGGGCTATAATTGTAACTAGATTTTTATTAGTATTGAGATTACCTGTTTTAGCAGGAGGTATTACTATGTTATTATTGGATCGTAATTTTGGATCTTCTTTTTTTGATCCTAGTGGTGGTGGTAATCCTATTTTATATCAACATTTATTC","CAMP_041","sample",1,"PB1F_bc1017","PB1R_bc1100_rc","B6",659
"CAMP_041_F4","CAMP_041_F4_ADQ8029_7_None","batch_19_15062024",7,100,"Nematoda","Chromadorea","Rhabditida","Rhabdiasidae","None","None","BOLD:ADQ8029","secondary","2","2024-06-23","CAMP_041_F4","4","F","CAMP","041","TCTTTATATCTTATTTTTGGTCTATGATCAGGAATAGTTGGTACAAGACTTTCTATAATTATTCGTATAGAGTTAGCTAAACCCGGTTATATATTAGGTAATGGTCAATTATATAATTCTGTTTTAACTGCTCATGCTATTTTAATAATCTTCTTTATAGTTATACCTAGAATGATTGGTGGTTTTGGTAATTGATTATTACCACTAATATTAGGTGCTCCAGATATAAGATTTCCTCGTTTAAATAATGTAAGATTCTGATTATTACCAGCAGCTATATTTTTGATTTTAGATGCTTGTTTTGTTGATTCTGGTTGTGGTACTAGATGAACAGTTTATCCTCCATTAAGAACTATAGGTCATCCAGGTAGAAGAGTAGATTTAGCTATTTTTAGTCTTCACTGTTCTGGTATTAGTTCTATCTTAGGTGGAATTAATTTTATATGTACTACTAAAAATCTTCGTAGTAGTTCTATCTCTTTAGAACATATAAGTTTATTTGTATGAACAGTTTTTGTAACAGTATTTTTATTAGTTTTATCTCTACCTGTATTAGCTGGTGCTATCACTATACTTTTAACTGATCGTAATTTAAATACTTCTTTCTTTGACCCTAGAATAGGTGGTAATCCTTTGATTTATCAACATTTATTT","CAMP_041","sample",1,"PB1F_bc1030","PB1R_bc1100_rc","L8",654
"CAMP_043_B6","CAMP_043_B6_ADQ8029_26_None","batch_19_15062024",26,98.7341772152,"Nematoda","Chromadorea","Rhabditida","Rhabdiasidae","None","None","BOLD:ADQ8029","secondary","3","2024-06-23","CAMP_043_B6","6","B","CAMP","043","TTCTTTATATCTTATTTTTGGTCTATGATCAGGAATAGTTGGTACAAGACTTTCTATAATTATTCGTATAGAGTTAGCTAAACCTGGTTATATGTTAGGTAATGGTCAATTATATAATTCTGTTTTAACTGCTCATGCTATTTTAATAATTTTCTTTATAGTTATACCTAGAATGATTGGTGGTTTTGGTAATTGATTATTACCATTAATATTAGGTGCTCCAGATATAAGATTTCCTCGTTTAAATAACGTAAGATTCTGATTATTACCAGCAGCTATATTTTTGATTTTAGATGCTTGTTTTGTTGATTCTGGTTGTGGTACTAGATGAACAGTTTATCCTCCATTAAGAACTATAGGTCATCCAGGTAGAAGAGTAGATTTAGCTATTTTTAGTCTTCATTGTTCTGGTATTAGTTCTATCTTAGGTGGAATTAATTTTATATGTACTACTAAAAATCTTCGTAGTAGTTCTATCTCTTTAGAACATATAAGTTTATTTGTATGAACAGTTTTTGTAACAGTATTTTTATTAGTTTTATCTTTACCTGTATTAGCTGGTGCTATCACTATACTTTTAACTGATCGTAATTTAAATACTTCTTTCTTTGATCCTAGAATAGGTGGTAATCCTTTGATTTATCAACATTTATTT","CAMP_043","sample",2,"PB1F_bc1042","PB1R_bc1102_rc","D11",655
"CAMP_043_B6","CAMP_043_B6_OTU2726_1_None","batch_19_15062024",1,97.3101265823,"Nematoda","Chromadorea","Rhabditida","Rhabdiasidae","None","None","OTU2726","secondary","9","2024-06-23","CAMP_043_B6","6","B","CAMP","043","CTTTATATCTTATTTTTGGTCTATGATCAGGAATAGTTGGTACAAGACTTTCTATAATTATTCGTATAGAGTTAGCTAAACCTGGTTATATGTTAGGTAATGGTCAATTATATAATTCTGTTTTAACTGCTCATGCTATTTTAATAATTTTCTTTATAGTTATACCTAGAATGATTGGTGGTTTTGGTAATTGATTATTACCATTAATATTAGGTGCTCCAGATATAAGATTTCCTCGTTTAAATAACGTAAGATTCTGATTATTACCAGCAGCTATATTTTTGATTTTAGATGCTTGTTTTGTTGATTCTGGTTGTGGTACTAGATGAACAGTTTATCCTCCATTAAGAACTATAGGTCATCCAGGTAGAAGAGTAGATTTAGCTATTTTTAGTCTTCATTGTTCTGGTATTAGTTCTATCTTAGGTGGAATTAATTTTATATGTACTACTAAAAATCTTCGTAGTAGTTCTATCTCTTTAGAACATATAAGTTTATTTGTATGAACAGTTTTTGTAACAGTATTTTTATTAGTTTTATCTTTACCTGTATTAGCTGGTGCTATCACTATACTTTTAACTGATCGTAATTTAAATACTTCTTTTTTTGATCCTGCAGGAGGAGGGGATCCAATTTTATACCAACATTTATT","CAMP_043","sample",2,"PB1F_bc1042","PB1R_bc1102_rc","D11",652
"CAMP_044_H3","CAMP_044_H3_OTU407_23_None","batch_19_15062024",23,90.15625,"Nematoda","Chromadorea","Rhabditida","None","None","None","OTU407","secondary","4","2024-06-23","CAMP_044_H3","3","H","CAMP","044","AGTTTGTACTTTATTTTTGGTTTTTGGTCAGGGTTGTTAGGTTCTTCATTATCTGTTATTATTCGTTTTGAGTTGTCTAAACCAGGTTTTTTTTTAGATAATGGTCAACTTTATAATAGTGTTATTACTTCTCATGCTATTTTGATGATTTTTTTTATAGTGATGCCTGCTATAATTGGGGGTTTTGGGAATTGGATGTTACCTTTGATGTTAGGTTGTCCTGATATAAGTTTTCCTCGTTTAAATAATTTGAGTTTTTGGTTATTGCCTACTGCTTTGTTTTTGGTATTATTGTCGGCTTTTGTAGATGTAGGTGGGGGTACAAGTTGAACTGTTTATCCTCCTTTGAGAACTATGGGTCATTCAGGAGCTAGTGTTGATTTGGTTATTTTTAGACTTCATTGTGCTGGGATTAGTTCTATTATGGGTTCTATTAATTTTATATGTACAGTTAAAAATTTACGTAGTAGTGCTATATCTTTGGAGTTTATAAGATTATTTGTTTGAAGTGTTTTTGTGACTGTTTTTTTGTTGGTTCTTTCTTTGCCTGTTTTGGCGGGGGCTATTACTATATTGTTAATGGATCGTAATTTTAATACTTCTTTCTTTGATCCTAGTTCTGGAGGTAATCCTTTAATTTATCAACATCTTTTTTTGGT","CAMP_044","sample",2,"PB1F_bc1024","PB1R_bc1103_rc","O6",659
"FACE_209_F8","FACE_209_F8_OTU162_80_None","batch_19_15062024",80,90.0914634146,"Rotifera","None","None","None","None","None","OTU162","primary","1","2024-06-23","FACE_209_F8","8","F","FACE","209","TACTTTGTATTTTATTATTGGAGTATGATCAGGATTTTTGGGTGCGAGAATTAGTTTAATTATCCGTACTGAGTTAGGTATAGTGGGGAGAATTATTATGGATGAACAAATTTATAATTCAATAGTGACAGCTCATGCTTTTTTAATGATTTTTTTTTTTGTAATACCTGTTGCTGTAGGAGGTTTTGGAAATTGATTATTACCATTAATAATAAATGTAATGGATATAGCATTTCCTCGTTTAAATAATTTAAGTTTTTGATTAGTTCCTGTGGCTTTATTATTTATAAGAATAAGAATATTAGTAGGGTTAGGGGCAGGAACAGGTTGGACTGTGTATCCTCCGTTATCTAATTCTGTATATCATTTTGGAGGTTCAGTTGATTTAGCTATTTTTAGTCTTCATGTAGCTGGTGTTTCTTCTATTTTAGGGGGAATTAATTTTATTACTACTTGTATAAAGGGAAAAATTAGATATGTTTTAAGATTTGAGTTTTTAACTTTGTTTGTTTGGGCTATGATTGTAACTAGATTTTTGTCAGTTTTAAGACTTCCTGTATTAGCAGGTGGGATTACTATATTATTATTAGATCGAAATTTTGGATCTTCTTTTTTTGATCCTAGAGGTGGAGGAAACCCTATTTTATATCAGCATTTATTT","FACE_209","sample",3,"PB1F_bc1062","PB1R_bc1105_rc","K15",661
"FACE_219_D12","FACE_219_D12_OTU25_2_None","batch_19_15062024",2,92.5,"Nematoda","Chromadorea","Rhabditida","None","None","None","OTU25","secondary","3","2024-06-23","FACE_219_D12","12","D","FACE","219","GTCTTTATTTTTTATTTGGATTTTGGTCTGGTCTTTTAGGTTCTAGTCTGTCTGTTATTATTCGTTTGGAGTTATCTAAACCTGGTTTTTTTTTAGATAATGGTCAGTTATATAATAGAGTTATTACTTCACATGCTTTATTAATAATTTTTTTTATAGTTATACCTAGTATAATTGGTGGTTTTGGTAATTGAATGCTTCCTTTAATATTAGGTTGTCCTGATATAAGTTTTCCTCGTTTGAATAATTTAAGTTTTTGGCTTTTACCAACAGCTCTTTTTTTAGTAATTGATTCTTGTTTTGTTGATATAGGTGGTGGTACTAGTTGAACTATTTATCCTCCTTTGAGTACTTTTGGTCATGTTGGTAGTAGTGTTGATTTGGTAATTTTTAGTTTACATTGTGCTGGATTAAGTTCTATTTTTGGTGGTATTAATTTTATTTGTACTGTTAAAAATCTTCGTAGTAGTTCAATTTCTTTAGAGCATATAAGTTTATTTGTATGGTCTGTTTTTATTACTGCTTTATTAGCTTGGTTTTATCTCTTCCTGTTTTAGCTGGTGCTATTACTATATTACTTACTGATCGTAATTTTAATACTTCTTTCTTTGATCCTGCTGGAGGAGGAGATCCAATTTTATATCAACATTTATT","FACE_219","sample",3,"PB1F_bc1092","PB1R_bc1106_rc","H23",654
"FACE_219_D12","FACE_219_D12_OTU25_42_None","batch_19_15062024",42,96.1538461538,"Nematoda","Chromadorea","Rhabditida","None","None","None","OTU25","secondary","2","2024-06-23","FACE_219_D12","12","D","FACE","219","AGTCTTTATTTTTTATTTGGATTTTGGTCTGGTCTTTTAGGTTCTAGTCTGTCTGTTATTATTCGTTTGGAGTTATCTAAACCTGGTTTTTTTTTAGATAATGGTCAGTTATATAATAGAGTTATTACTTCACATGCTTTATTAATAATTTTTTTTATAGTTATACCTAGTATAATTGGTGGTTTTGGTAATTGAATGCTTCCTTTAATATTAGGTTGTCCTGATATAAGTTTTCCTCGTTTGAATAATTTAAGTTTTTGGCTTTTACCAACAGCTCTTTTTTTAGTAATTGATTCTTGTTTTGTTGATATAGGTGGTGGTACTAGTTGAACTATTTATCCTCCTTTGAGTACTTTTGGTCATGTTGGTAGTAGTGTTGATTTGGTAATTTTTAGTTTACATTGTGCTGGATTAAGTTCTATTTTTGGTGGTATTAATTTTATTTGTACTGTTAAAAATCTTCGTAGTAGTTCAATTTCTTTAGAGCATATAAGTTTATTTGTATGGTCTGTTTTTATTACTGTTTTTTTGTTGGTTTTATCTCTTCCTGTTTTAGCTGGTGCTATTACTATATTACTTACTGATCGTAATTTTAATACTTCTTTTTTTGATCCTAGTTATGGTGGTAATCCTTTAATTTATCAACATTTGTTT","FACE_219","sample",3,"PB1F_bc1092","PB1R_bc1106_rc","H23",654
"FACE_219_E10","FACE_219_E10_OTU25_4_None","batch_19_15062024",4,92.34375,"Nematoda","Chromadorea","Rhabditida","None","None","None","OTU25","secondary","3","2024-06-23","FACE_219_E10","10","E","FACE","219","GTCTTTATTTTTTATTTGGATTTTGGTCTGGTCTTTTAGGTTCTAGTCTGTCTGTTATTATTCGTTTGGAGTTATCTAAACCTGGTTTTTTTTTAGATAATGGTCAGTTATATAATAGAGTTATTACTTCACATGCTTTATTAATAATTTTTTTTATAGTTATACCTAGTATAATTGGTGGTTTTGGTAATTGAATGCTTCCTTTAATATTAGGTTGTCCTGATATAAGTTTTCCTCGTTTGAATAATTTAAGTTTTTGGCTTTTACCAACAGCTCTTTTTTTAGTAATTGATTCTTGTTTTGTTGATATAGGTGGTGGTACTAGTTGAACTATTTATCCTCCTTTGAGTACTTTTGGTCATGTTGGTAGTAGTGTTGATTTGGTAATTTTTAGTTTACATTGTGCTGGATTAAGTTCTATTTTTGGTGGTATTAATTTTATTTGTACTGTTAAAAATCTTCGTAGTAGTTCAATTTCTTTAGAGCATATAAGTTTATTTGTATGGTCTGTTTTTATTACTGTTTTTTTGTTGGTTTTATCTCTTCCTGTTTTAGCTGGTGCTATTACTATATTACTTACTGATCGTAATTTTAATACTTCTTTCTTTGATCCTGCTGGAGGAGGAGATCCAATTTTATATCAACATTTATT","FACE_219","sample",3,"PB1F_bc1077","PB1R_bc1106_rc","J19",652
"FACE_219_E10","FACE_219_E10_OTU25_60_None","batch_19_15062024",60,96.1538461538,"Nematoda","Chromadorea","Rhabditida","None","None","None","OTU25","secondary","2","2024-06-23","FACE_219_E10","10","E","FACE","219","AGTCTTTATTTTTTATTTGGATTTTGGTCTGGTCTTTTAGGTTCTAGTCTGTCTGTTATTATTCGTTTGGAGTTATCTAAACCTGGTTTTTTTTTAGATAATGGTCAGTTATATAATAGAGTTATTACTTCACATGCTTTATTAATAATTTTTTTTATAGTTATACCTAGTATAATTGGTGGTTTTGGTAATTGAATGCTTCCTTTAATATTAGGTTGTCCTGATATAAGTTTTCCTCGTTTGAATAATTTAAGTTTTTGGCTTTTACCAACAGCTCTTTTTTTAGTAATTGATTCTTGTTTTGTTGATATAGGTGGTGGTACTAGTTGAACTATTTATCCTCCTTTGAGTACTTTTGGTCATGTTGGTAGTAGTGTTGATTTGGTAATTTTTAGTTTACATTGTGCTGGATTAAGTTCTATTTTTGGTGGTATTAATTTTATTTGTACTGTTAAAAATCTTCGTAGTAGTTCAATTTCTTTAGAGCATATAAGTTTATTTGTATGGTCTGTTTTTATTACTGTTTTTTTGTTGGTTTTATCTCTTCCTGTTTTAGCTGGTGCTATTACTATATTACTTACTGATCGTAATTTTAATACTTCTTTTTTTGATCCTAGTTATGGTGGTAATCCTTTAATTTATCAACATTTGTTT","FACE_219","sample",3,"PB1F_bc1077","PB1R_bc1106_rc","J19",654
"FACE_219_E12","FACE_219_E12_OTU25_32_None","batch_19_15062024",32,96.1538461538,"Nematoda","Chromadorea","Rhabditida","None","None","None","OTU25","secondary","2","2024-06-23","FACE_219_E12","12","E","FACE","219","GTCTTTATTTTTTATTTGGATTTTGGTCTGGTCTTTTAGGTTCTAGTCTGTCTGTTATTATTCGTTTGGAGTTATCTAAACCTGGTTTTTTTTTAGATAATGGTCAGTTATATAATAGAGTTATTACTTCACATGCTTTATTAATAATTTTTTTTATAGTTATACCTAGTATAATTGGTGGTTTTGGTAATTGAATGCTTCCTTTAATATTAGGTTGTCCTGATATAAGTTTTCCTCGTTTGAATAATTTAAGTTTTTGGCTTTTACCAACAGCTCTTTTTTTAGTAATTGATTCTTGTTTTGTTGATATAGGTGGTGGTACTAGTTGAACTATTTATCCTCCTTTGAGTACTTTTGGTCATGTTGGTAGTAGTGTTGATTTGGTAATTTTTAGTTTACATTGTGCTGGATTAAGTTCTATTTTTGGTGGTATTAATTTTATTTGTACTGTTAAAAATCTTCGTAGTAGTTCAATTTCTTTAGAGCATATAAGTTTATTTGTATGGTCTGTTTTTATTACTGTTTTTTTGTTGGTTTTATCTCTTCCTGTTTTAGCTGGTGCTATTACTATATTACTTACTGATCGTAATTTTAATACTTCTTTTTTTGATCCTAGTTATGGTGGTAATCCTTTAATTTATCAACATTTGTTT","FACE_219","sample",3,"PB1F_bc1093","PB1R_bc1106_rc","J23",653
"FACE_219_E3","FACE_219_E3_OTU25_2_None","batch_19_15062024",2,94.21875,"Nematoda","Chromadorea","Rhabditida","None","None","None","OTU25","secondary","2","2024-06-23","FACE_219_E3","3","E","FACE","219","GTCTTTATTTTTTATTTGGATTTTGGTCTGGTCTTTTAGGTTCTAGTCTGTCTGTTATTATTCGTTTGGAGTTATCTAAACCTGGTTTTTTTTTAGATAATGGTCAGTTATATAATAGAGTTATTACTTCACATGCTTTATTAATAATTTTTTTTATAGTTATACCTAGTATAATTGGTGGTTTTGGTAATTGAATGCTTCCTTTAATATTAGGTTGTCCTGATATAAGTTTTCCTCGTTTGAATAATTTAAGTTTTTGGCTTTTACCAACAGCTCTTTTTTTAGTAATTGATTCTTGTTTTGTTGATATAGGTGGTGGTACTAGTTGAACTATTTATCCTCCTTTGAGTACTTTTGGTCATGTTGGTAGTAGTGTTGATTTGGTAATTTTTAGTTTACATTGTGCTGGATTAAGTTCTATTTTTGGTGGTATTAATTTTATTTGTACTGTTAAAAATCTTCGTAGTAGTTCAATTTCTTTAGAGCATATAAGTTTATTTGTATGGTCTGTTTTTATTACTGTTTTTTTGTTGGTTTTATCTCTTCCTGTTTTAGCTGGTGCTATTACTATATTACTTACTGATCGTAATTTTAATACTTCTTTTTTTGATCCTAGTTATGGTGGTAATCCTTTAATTTATCAACATTTGTT","FACE_219","sample",3,"PB1F_bc1021","PB1R_bc1106_rc","J5",652
"FACE_221_B7","FACE_221_B7_OTU7081_1_None","batch_19_15062024",1,90.1065449011,"Rotifera","None","None","None","None","None","OTU7081","secondary","5","2024-06-23","FACE_221_B7","7","B","FACE","221","CATTGTATTTTATTATTGGTGTTTGATCTGGTTTTTTAGGTGCGAGTATTAGTTTAGTTATTCGTACTGAGCTTGGGATAGTAGGTAGTTTAATTATAGATGAGCAAATCTATAATTCTATAGTTACTGCTCATGCTTTTTTGATGATTTTTTTTTTTGTGATGCCTGTTGCTGTTGGTGGTTTTGGTAATTGATTGTTACCTTTAATAATAAATGTTATGGATATAGCTTTTCCTCGTTTGAATAATTTAAGATTTTGATTGGTTCCTGTTGCATTGTTATTTATAACTATGAGTTTATTAATTGGTTTAGGTCCTGGAACTGGATGAACTGTCTACCCTCCTTTATCTAATTCTGTTTATCATTTTGGTGGTTCAGTTGATTTTGCTATTTTTAGATTACATGTTGCTGGTGTCTCTTCTATTTTAGGTGGAATTAATTTTATTACTACTTGTTTAAAAGGTAAAATCAGTTATGTTATAAGTTTTGAATTTTTAACTTTATTTGTTTGAGCTATAATTGTTACTAGATTTTTATTAGTTTTAAGTTTACCTGTTTTAGCCGGAGGTATTACTATATTATTATTGGATCGTAATTTTGGTTCTTCTTTTTTTGATCCAAGTGGTGGTGGTAATCCTATTTTATATCAACATTTATT","FACE_221","sample",3,"PB1F_bc1050","PB1R_bc1108_rc","D14",658
"FACE_221_H11","FACE_221_H11_OTU2074_1_None","batch_19_15062024",1,90.9937888199,"Nematoda","Chromadorea","Rhabditida","None","None","None","OTU2074","secondary","2","2024-06-23","FACE_221_H11","11","H","FACE","221","ACACTTTATTTTATTTTTGGTTTATGGTCTGGTATAGTAGGTATAAGTCTTTCTTTAATTATTCGTTTAGAATTAGCAAAACCAGGTTTATTTTTAGGAAATGGTCAATTATATAATTCTATTATTACAGCCCATGCTTTATTAATAATTTTTTTTATAGTTATACCTAGAATAATTGGTGGTTTTGGTAACTGAATATTACCTTTAATATTGGGGGCTCCTGATATAAGTTTTCCTCGTTTAAATAATTTAAGTTTTTGGTTATTACCCTACAGCTATATTTTTAATTTTAGATTCTAGTTTTGTAGATATAGGTTGTGGTACTAAGTTGAACTGTATATCCTCCTTTAAGAACATTAGGTCATCCCTGGTAGTAGTGTAGATTTAGCTATTTTTAGTTTACATTGTGCTGGTTTGAGTTCTATTTTAGGTGGTATTAATTTTATGTGTACAACAAAAAATTTACGTAGAAGTTCTATTTCTTTAGAACATATAAGGTTATTTGTTTGAACGGTATTTGTTACTGTTTTTCTTTTAGTATTATCTTTAACCTGTTTTAGTTGGTGCTATTACTATATTATTAACTGATCGTAATTTAAATACCTCATTTTTTGATCCATGTACAGGTGGTAACCCCACTAATTTATCAAC","FACE_221","sample",3,"PB1F_bc1088","PB1R_bc1108_rc","P22",651
"FACE_223_B2","FACE_223_B2_OTU197_64_None","batch_19_15062024",64,93.6728395062,"Nematoda","Chromadorea","Rhabditida","None","None","None","OTU197","primary","1","2024-06-23","FACE_223_B2","2","B","FACE","223","CATTATATTTTATTTTTGGTCTTTGGTCTGGGATAGTAGGAACTAGTTTTTCTATAATTATTCGTTTTGAGTTAGCTAAACCTGGGTATTTTTTAGGGAATGGGCAGGTTTATAATTCTATTATTACTGCTCATGCTTTATTAATAATTTTTTTTATGGTGATACCTACAATAATTGGGGGTTTTGGTAATTGAATACTCCCTTTAATATTAGGTTCTCCTGATATAAGGTTTCCTCGTTTAAATAATTTAAGGTTTTGATTATTACCTACGGCAATGTTGTTAATTTTAGATGCTTGTTTTGTTGATATAGGTTGTGGGACTAGTTGAACTGTTTATCCTCCTTTAAGTACTTTGGGTCATCCTGGAAGTAGAGTAGATTTAGCTATTTTTAGTTTACATTGTGCAGGAGCTAGTTCTATTTTAGGGGGTATTAATTTTATATGTACTACTAAAAATCTTCGAAGTAGTTCTATTTCTTTAGAACATATAAGTTTATTTGTTTGAACTGTTTTTGTAACTGTTTTTTTATTAGTTTTATCTTTACCTGTATTAGCGGGGGCTATTACTATATTATTAACAGATCGTAATATTAATACTTCTTTTTTTGATCCAAGTTCAGGGGGAAATCCTTTAATTTATCAGCATTTATTT","FACE_223","sample",4,"PB1F_bc1010","PB1R_bc1110_rc","D3",653
"FACE_224_C8","FACE_224_C8_ACZ0929_8_None","batch_19_15062024",8,98.8888888889,"Nematoda","Chromadorea","Rhabditida","None","None","None","BOLD:ACZ0929","secondary","2","2024-06-23","FACE_224_C8","8","C","FACE","224","ACTTTATATTTTATTTTTGGTTTATGATCAGGAATGGTTGGTACTAGTTTATCTTTAATTATTCGTTTAGAATTAGCTAAACCAGGTTTTTTTTTAGGTAATGGACAATTATACAATTCAGTATTAACTGCTCATGCTATTTTAATAATTTTTTTTATAGTTATGCCAAGAATAATTGGTGGTTTTGGTAATTGGTTAGTTCCTTTAATATTGGGTGCACCAGACATGAGGTTTCCACGTTTAAATAATTTAAGTTTTTGATTGTTACCAACTGCTATGTTTTTAATTTTAGATTCTAGTTTTGTAGATACAGGTGCTGGTACTAGGTGAACTGTATATCCACCATTGAGAACTATAGGCCATCCAGGTAGAAGTGTTGATTTAGCTATCTTTAGGTTACACTGTGCAGGGTTAAGGTCTATTTTAGGTGGTATTAATTTTATGTGTACTACAAAAAATTTACGAAGTTCTTCTATTTCATTGGAACATATGAGTTTATTTGTGTGAACTGTATTTGTTACTGTGTTTTTGTTAGTTTTATCATTACCTGTGTTAGCTGGTGCTATTACTATATTGTTGACTGATCGTAATTTAAATACTTCATTTTTTGATCCTAGAACTGGTGGTAATCCATTGATTTATCAGCATTTATT","FACE_224","sample",4,"PB1F_bc1059","PB1R_bc1111_rc","E16",653
"FACE_230_C6","FACE_230_C6_OTU25_21_None","batch_19_15062024",21,96.1538461538,"Nematoda","Chromadorea","Rhabditida","None","None","None","OTU25","secondary","2","2024-06-23","FACE_230_C6","6","C","FACE","230","GTCTTTATTTTTTATTTGGATTTTGGTCTGGTCTTTTAGGTTCTAGTCTGTCTGTTATTATTCGTTTGGAGTTATCTAAACCTGGTTTTTTTTTAGATAATGGTCAGTTATATAATAGAGTTATTACTTCACATGCTTTATTAATAATTTTTTTTATAGTTATACCTAGTATAATTGGTGGTTTTGGTAATTGAATGCTTCCTTTAATATTAGGTTGTCCTGATATAAGTTTTCCTCGTTTGAATAATTTAAGTTTTTGGCTTTTACCAACAGCTCTTTTTTTAGTAATTGATTCTTGTTTTGTTGATATAGGTGGTGGTACTAGTTGAACTATTTATCCTCCTTTGAGTACTTTTGGTCATGTTGGTAGTAGTGTTGATTTGGTAATTTTTAGTTTACATTGTGCTGGATTAAGTTCTATTTTTGGTGGTATTAATTTTATTTGTACTGTTAAAAATCTTCGTAGTAGTTCAATTTCTTTAGAGCATATAAGTTTATTTGTATGGTCTGTTTTTATTACTGTTTTTTTGTTGGTTTTATCTCTTCCTGTTTTAGCTGGTGCTATTACTATATTACTTACTGATCGTAATTTTAATACTTCTTTTTTTGATCCTAGTTATGGTGGTAATCCTTTAATTTATCAACATTTGTTT","FACE_230","sample",6,"PB1F_bc1043","PB1R_bc1117_rc","E11",653
"FACE_230_C6","FACE_230_C6_OTU973_2_None","batch_19_15062024",2,91.5625,"Nematoda","Chromadorea","Rhabditida","None","None","None","OTU973","secondary","4","2024-06-23","FACE_230_C6","6","C","FACE","230","GTCTTTATTTTTTATTTGGATTTTGGTCTGGTCTTTTAGGTTCTAGTCTGTCTGTTATTATTCGTTTGGAGTTATCTAAACCTGGTTTTTTTTTAGATAATGGTCAGTTATATAATAGAGTTATTACTTCACATGCTTTATTAATAATTTTTTTTTATAGTTATACCTAGTATAATTGGTGGTTTTGGTAATTGAATGCTTCCTTTAATATTAGGTTGTCCTGATATAAGTTTTCCTCGTTTGAATAATTTAAGTTTTTGGCTTTTACCAACAGCTCTTTTTTTAGTAATTGATTCTTGTTTTGTTGATTATAGGTGGTGGTACTAGTTGAACTATTTATCCTCCTTTGAGTACTTTTGGTCATGTTGGTAGTAGTGTTGATTTGGTAATTTTTAGTTTACATTGTGCTGGATTAAGTTCTATTTTTGGTGGTATTAATTTTATTTGTACTGTTAAAAATCTTCGTAGTAGTTCAATTTCTTTAGAGCATATAAGTTTATTTGTATGGTCTGTTTTTATTACTGTTTTTTTGTTGGTTTTATCTCTTCCTGTTTTAGCTGGTGCTATTACAATACTTCTAACAGATCGAAATTTTAATACTTCTTTCTTTGATCCTGCTGGAGGAGGAGATCCAATTTTATATCAACATTTAT","FACE_230","sample",6,"PB1F_bc1043","PB1R_bc1117_rc","E11",653
"FACE_230_D7","FACE_230_D7_OTU25_45_None","batch_19_15062024",45,96.1538461538,"Nematoda","Chromadorea","Rhabditida","None","None","None","OTU25","secondary","2","2024-06-23","FACE_230_D7","7","D","FACE","230","AGTCTTTATTTTTTATTTGGATTTTGGTCTGGTCTTTTAGGTTCTAGTCTGTCTGTTATTATTCGTTTGGAGTTATCTAAACCTGGTTTTTTTTTAGATAATGGTCAGTTATATAATAGAGTTATTACTTCACATGCTTTATTAATAATTTTTTTTATAGTTATACCTAGTATAATTGGTGGTTTTGGTAATTGAATGCTTCCTTTAATATTAGGTTGTCCTGATATAAGTTTTCCTCGTTTGAATAATTTAAGTTTTTGGCTTTTACCAACAGCTCTTTTTTTAGTAATTGATTCTTGTTTTGTTGATATAGGTGGTGGTACTAGTTGAACTATTTATCCTCCTTTGAGTACTTTTGGTCATGTTGGTAGTAGTGTTGATTTGGTAATTTTTAGTTTACATTGTGCTGGATTAAGTTCTATTTTTGGTGGTATTAATTTTATTTGTACTGTTAAAAATCTTCGTAGTAGTTCAATTTCTTTAGAGCATATAAGTTTATTTGTATGGTCTGTTTTTATTACTGTTTTTTTGTTGGTTTTATCTCTTCCTGTTTTAGCTGGTGCTATTACTATATTACTTACTGATCGTAATTTTAATACTTCTTTTTTTGATCCTAGTTATGGTGGTAATCCTTTAATTTATCAACATTTGTTT","FACE_230","sample",6,"PB1F_bc1052","PB1R_bc1117_rc","G13",654
"FACE_230_D7","FACE_230_D7_OTU973_4_None","batch_19_15062024",4,91.71875,"Nematoda","Chromadorea","Rhabditida","None","None","None","OTU973","secondary","3","2024-06-23","FACE_230_D7","7","D","FACE","230","AGTCTTTATTTTTTATTTGGATTTTGGTCTGGTCTTTTAGGTTCTAGTCTGTCTGTTATTATTCGTTTGGAGTTATCTAAACCTGGTTTTTTTTTTTAGATAATGGTCAGTTATATAATAGAGTTATTACTTCACATGCTTTATTAATAATTTTTTTTTTATAGTTATACCTAGTATAATTGGTGGTTTTGGTAATTGAATGCTTCCTTTAATATTAGGTTGTCCTGATATAAGTTTTCCTCGTATTGAATAATTTAAGTTTTTGGCTTTTACCAACAGCTCTTTTTTTAGTAATTGATTCTTGTTTTGTTGATATAGGTGGTGGTACTAGTTGAACTATTTATCCTCCTTTGAGTACTTTTGGTCATGTTGGTAGTAGTGTTGATTTGGTAATTTTTAGTTTACATTGTGCTGGATTAAGTTCTATTTTTGGTGGTATTAATTTTATTTGTACTGTTAAAAATCTTCGTAGTAGTTCAATTTCTTTAGAGCATATAAGTTTATTTGTATGGTCTGTTTTTATTACTGTTTTTTTTGTTGGTTTTATCTCTTCCTGTTTTAGCTGGTGCTATTACTATACTACTAACAGATCGAAATTTTAATACTTCTTTCTTTGATCCTGCTGGAGGAGGAGATCCAATTTTATATCAACATTTATT","FACE_230","sample",6,"PB1F_bc1052","PB1R_bc1117_rc","G13",659
"FACE_230_E9","FACE_230_E9_OTU25_105_None","batch_19_15062024",105,96.1538461538,"Nematoda","Chromadorea","Rhabditida","None","None","None","OTU25","secondary","2","2024-06-23","FACE_230_E9","9","E","FACE","230","AGTCTTTATTTTTTATTTGGATTTTGGTCTGGTCTTTTAGGTTCTAGTCTGTCTGTTATTATTCGTTTGGAGTTATCTAAACCTGGTTTTTTTTTAGATAATGGTCAGTTATATAATAGAGTTATTACTTCACATGCTTTATTAATAATTTTTTTTATAGTTATACCTAGTATAATTGGTGGTTTTGGTAATTGAATGCTTCCTTTAATATTAGGTTGTCCTGATATAAGTTTTCCTCGTTTGAATAATTTAAGTTTTTGGCTTTTACCAACAGCTCTTTTTTTAGTAATTGATTCTTGTTTTGTTGATATAGGTGGTGGTACTAGTTGAACTATTTATCCTCCTTTGAGTACTTTTGGTCATGTTGGTAGTAGTGTTGATTTGGTAATTTTTAGTTTACATTGTGCTGGATTAAGTTCTATTTTTGGTGGTATTAATTTTATTTGTACTGTTAAAAATCTTCGTAGTAGTTCAATTTCTTTAGAGCATATAAGTTTATTTGTATGGTCTGTTTTTATTACTGTTTTTTTGTTGGTTTTATCTCTTCCTGTTTTAGCTGGTGCTATTACTATATTACTTACTGATCGTAATTTTAATACTTCTTTTTTTGATCCTAGTTATGGTGGTAATCCTTTAATTTATCAACATTTGTTT","FACE_230","sample",6,"PB1F_bc1069","PB1R_bc1117_rc","I17",654
"FACE_230_G9","FACE_230_G9_OTU25_64_None","batch_19_15062024",64,96.1538461538,"Nematoda","Chromadorea","Rhabditida","None","None","None","OTU25","secondary","2","2024-06-23","FACE_230_G9","9","G","FACE","230","GAAGTCTTTATTTTTTATTTGGATTTTGGTCTGGTCTTTTAGGTTCTAGTCTGTCTGTTATTATTCGTTTGGAGTTATCTAAACCTGGTTTTTTTTTAGATAATGGTCAGTTATATAATAGAGTTATTACTTCACATGCTTTATTAATAATTTTTTTTATAGTTATACCTAGTATAATTGGTGGTTTTGGTAATTGAATGCTTCCTTTAATATTAGGTTGTCCTGATATAAGTTTTCCTCGTTTGAATAATTTAAGTTTTTGGCTTTTACCAACAGCTCTTTTTTTAGTAATTGATTCTTGTTTTGTTGATATAGGTGGTGGTACTAGTTGAACTATTTATCCTCCTTTGAGTACTTTTGGTCATGTTGGTAGTAGTGTTGATTTGGTAATTTTTAGTTTACATTGTGCTGGATTAAGTTCTATTTTTGGTGGTATTAATTTTATTTGTACTGTTAAAAATCTTCGTAGTAGTTCAATTTCTTTAGAGCATATAAGTTTATTTGTATGGTCTGTTTTTATTACTGTTTTTTTGTTGGTTTTATCTCTTCCTGTTTTAGCTGGTGCTATTACTATATTACTTACTGATCGTAATTTTAATACTTCTTTTTTTGATCCTAGTTATGGTGGTAATCCTTTAATTTATCAACATTTGTTT","FACE_230","sample",6,"PB1F_bc1071","PB1R_bc1117_rc","M17",656
"FACE_230_G9","FACE_230_G9_OTU973_4_None","batch_19_15062024",4,90.9375,"Nematoda","Chromadorea","Rhabditida","None","None","None","OTU973","secondary","3","2024-06-23","FACE_230_G9","9","G","FACE","230","GTCTTTATTTTTTATTTGGATTTTGGTCTGGTCTTTTAGGTTCTAGTCTGTCTGTTATTATTCGTTTGGAGTTATCTAAACCTGGTTTTTTTTTAGATAATGGTCAGTTATATAATAGAGTTATTACTTCACATGCTTTATTAATAATTTTTTTTATAGTTATACCTAGTATAATTGGTGGTTTTGGTAATTGAATGCTTCCTTTAATATTAGGTTGTCCTGATATAAGTTTTCCTCGTTTGAATAATTTAAGTTTTTGGCTTTTACCAACAGCTCTTTTTTTAGTAATTGATTCTTGTTTTGTTGATATAGGTGGTGGTACTAGTTGAACTATTTATCCTCCTTTGAGTACTTTTGGTCATGTTGGTAGTAGTGTTGATTTGGTAATTTTTAGTTTACATTGTGCTGGATTAAGTTCTATTTTTGGTGGTATTAATTTTATTTGTACTGTTAAAAATCTTCGTAGTAGTTCAATTTCTTTAGAGCATATAAGTTTATTTGTATGGTCTGTTTTTATTACTGCTTTATTACTTTTATTATCACTTCCTGTTTTAGCCGGTGCTATTACAATACTTCTAACAGATCGAAATTTTAATACTTCTTTCTTTGATCCTGCTGGAGGAGGAGATCCAATTTTATATCAACATTTATT","FACE_230","sample",6,"PB1F_bc1071","PB1R_bc1117_rc","M17",652
"FACE_231_C5","FACE_231_C5_OTU4021_1_Adineta","batch_19_15062024",1,91.1719939117,"Rotifera","Bdelloidea","Adinetida","Adinetidae","Adineta","Adineta vaga","OTU4021","secondary","25","2024-06-23","FACE_231_C5","5","C","FACE","231","CTTTATATTTTATTATTGGTGTTTGATCAGGATTTTTAGGTGCTAGAATTAGATTAGTAATTCGTACAGAATTAGGAATGGTTGGAAGAATTATTCTTGATGAGCAAATTTATAATTCTATGGTTACAGCTCATGCTTTTTTAATAATTTTTTTTTTTTTGTTATACCTGTAGCGGTAGGGGGGTTTGGAAATTGATTATTACCTTTAATAATAAATGTAATAGATATAGCTTTTCCTCGTTTAAATAATTTAAGTTTTTGGTTAGTTCCGGTAGCATTATTATTTATAAGTATAAGATTATTAGTTGGTTTAGGTGCAGGTACTGGTTGAACAGTTTATCCTCCTTTATCAAATTCTGTTTATCATTTTGGTGGTTCGGTAGATTTAGCTATTTTTAGTTTGCATGTTGCTGGGGTTTCTTCAATTTTAGGAGGGATTAATTTTATTACTACTTGTTTAAAAGGTAAGATTAGGTATGTTTTAAGATTAGAATTTTTAAATTTATTTGTTTGAGCAATGATTGTTACTAGTTTTTTATTAGTTTTAAGTTTACCTGTATTAGCAGGGGGTATTACTATATTATTATTAGATCGTAATTTTGGTTCTTCTTTTTTTGATCCAAGAGGGGGGGGTAATCCTATTTTATATCAGCATTTATT","FACE_231","sample",6,"PB1F_bc1035","PB1R_bc1118_rc","F9",660
"FACE_231_E5","FACE_231_E5_OTU2575_2_Philodina","batch_19_15062024",2,90.2755267423,"Rotifera","Bdelloidea","Bdelloidea_order_incertae_sedis","Philodinidae","Philodina","Philodina flaviceps","OTU2575","secondary","12","2024-06-23","FACE_231_E5","5","E","FACE","231","CTTTATATTTTATTATTGGAGTTTGATCTGGTTTTTTAGGTGCGAGAATTAGTTTAATTATTCGTACTGAGTTAGGGATAGTTGGAAGAATTATTATAGATGAACAAATTTATAATTCTATAGTTACAGCTCATGCTTTTTTAATAATTTTTTTTTTTTGTTATGCCAGTTGCTGTAGGAGGATTTGGTAATTGGTTATTACCTTTAATGATAAATGTAATAGATATAGCATTTCCTCGTTTGAATAATTTGAGTTTTTGATTAGTTCCTGTTGCTTTATTATTTATAAGAATAAGTATATTAGTTGGTTTAGGAGTTGGTACTGGTTGAACTGTTTATCCTCCTTTATCTAATTCAGTTTATCATTTTGGAGGATCTGTTGATTTAGCTATTTTTAGCTTACATGTGGCAGGTGTATCTTCAATTTTAGGAGGGATTAATTTTATTACTACTTGTATAAAAGGTAAGATTAGTTATGTTTTAAGATTTGAATTTTTAACTTTGTTTGTATGAGCTATAATTGTTACAAGATTTCTTTTAGTTTTAAGATTACCTGTATTAGCAGGAGGTATTACTATATTATTATTAGATCGTAATTTTGGATCATCATTTTTTGATCCTAGTGGAGGTGGGAATCCTATTTTATATCAACATTTATT","FACE_231","sample",6,"PB1F_bc1037","PB1R_bc1118_rc","J9",659
"FACE_231_E5","FACE_231_E5_OTU6145_1_Macrotrachela","batch_19_15062024",1,91.0197869102,"Rotifera","Bdelloidea","Bdelloidea_order_incertae_sedis","Philodinidae","Macrotrachela","Macrotrachela papillosa","OTU6145","secondary","41","2024-06-23","FACE_231_E5","5","E","FACE","231","CTTTATATTTTGTTATTGGTGTTTGATCTGGTTTTTTAGGTGCTAGAATTAGGTTAATTATTCGTACTGAATTAGGAATAGTTGGTAGTGTAATTATAGATGAGCAGATTTATAATGCTATAGTTACGGCTCATGCTTTTTTAATGATTTTTTTTTTTGTTATACCTGTAGCTGTAGGTGGGTTTGGAAATTGACTTTTGCCTTTAATAATGAATGTAATAGATATAGCTTTTCCACGTTTAAATAATTTGAGATTTTGATTAGTTCCTGTGGCTTTGTTATTTATAACTATAAGATTATTAATTGGATTAGGACCTGGAACTGGATGAACTGTTTATCCTCCTTTATCTAATTCTGTGTATCATTTTGGTGGTTCTGTAGATTTTGCTATTTTTAGTTTACATGTTGCTGGTGTATCATCTATTTTAGGTGGTATTAATTTTATTACTACTTGTTTAAAGGGAAAAATTAGTTATGTTTTAAGTTTAGAATTTTTAAATCTTTTTGTTTGAGCAATAGTAGTTACTAGGTTTTTGTTAGTGTTGAGTTTACCTGTTTTGGCTGGTGGTATTACTATATTATTATTAGATCGTAATTTTGGTTCTTCTTTTTTTGATCCAAGAGGGGGTGGAAATCCTATTTTATATCAGCATTTAT","FACE_231","sample",6,"PB1F_bc1037","PB1R_bc1118_rc","J9",657
"FACE_232_F2","FACE_232_F2_OTU25_105_None","batch_19_15062024",105,96.1538461538,"Nematoda","Chromadorea","Rhabditida","None","None","None","OTU25","secondary","2","2024-06-23","FACE_232_F2","2","F","FACE","232","AGTCTTTATTTTTTATTTGGATTTTGGTCTGGTCTTTTAGGTTCTAGTCTGTCTGTTATTATTCGTTTGGAGTTATCTAAACCTGGTTTTTTTTTAGATAATGGTCAGTTATATAATAGAGTTATTACTTCACATGCTTTATTAATAATTTTTTTTATAGTTATACCTAGTATAATTGGTGGTTTTGGTAATTGAATGCTTCCTTTAATATTAGGTTGTCCTGATATAAGTTTTCCTCGTTTGAATAATTTAAGTTTTTGGCTTTTACCAACAGCTCTTTTTTTAGTAATTGATTCTTGTTTTGTTGATATAGGTGGTGGTACTAGTTGAACTATTTATCCTCCTTTGAGTACTTTTGGTCATGTTGGTAGTAGTGTTGATTTGGTAATTTTTAGTTTACATTGTGCTGGATTAAGTTCTATTTTTGGTGGTATTAATTTTATTTGTACTGTTAAAAATCTTCGTAGTAGTTCAATTTCTTTAGAGCATATAAGTTTATTTGTATGGTCTGTTTTTATTACTGTTTTTTTGTTGGTTTTATCTCTTCCTGTTTTAGCTGGTGCTATTACTATATTACTTACTGATCGTAATTTTAATACTTCTTTTTTTGATCCTAGTTATGGTGGTAATCCTTTAATTTATCAACATTTGTTTT","FACE_232","sample",6,"PB1F_bc1014","PB1R_bc1119_rc","K4",655
"FACE_232_F2","FACE_232_F2_OTU973_1_None","batch_19_15062024",1,92.34375,"Nematoda","Chromadorea","Rhabditida","None","None","None","OTU973","secondary","7","2024-06-23","FACE_232_F2","2","F","FACE","232","GTCTTTATTTTTTATTTGGATTTTGGTCTGGTCTTTTAGGTTCTAGTCTGTCTGTTATTATTCGTTTGGAGTTATCTAAACCTGGTTTTTTTTTAGATAATGGTCAGTTATATAATAGAGTTATTACTTCACATGCTTTATTAATAATTTTTTTTATAGTTATACCTAGTATAATTGGTGGTTTTGGTAATTGAATGCTTCCTTTAATATTAGGTTGTCCTGATATAAGTTTTCCTCGTTTGAATAATTTAAGTTTTTGGCTTTTACCAACAGCTCTTTTTTTAGTAATTGATTCTTGTTTTGTTGATATAGGTGGTGGTACTAGTTGAACTATTTATCCTCCTTTGAGTACTTTTGGTCATGTTGGTAGTAGTGTTGATTTGGTAATTTTTAGTTTACATTGTGCTGGATTAAGTTCTATTTTTGGTGGTATTAATTTTATTTGTACTGTTAAAAATCTTCGTAGTAGTTCAATTTCTTTAGAGCATATAAGTTTATTTGTATGGTCTGTTTTTATTACTGTTTTTTTGTTGGTTTTATCTCTTCCTGTTTTAGCTGGTGCTATTACTATATTACTTACTGATCGTAATTTTAATACTTCTTTCTTTGATCCTGCTGGAGGAGGAGATCCAATTTTATATCAACATTTATT","FACE_232","sample",6,"PB1F_bc1014","PB1R_bc1119_rc","K4",652
"FACE_233_A7","FACE_233_A7_ACZ0929_38_None","batch_19_15062024",38,99.8412698413,"Nematoda","Chromadorea","Rhabditida","None","None","None","BOLD:ACZ0929","secondary","2","2024-06-23","FACE_233_A7","7","A","FACE","233","CTTTATATTTTATTTTTGGTTTATGATCAGGAATGGTTGGTACTAGTTTATCTTTAATTATTCGTTTAGAATTAGCTAAACCAGGTTTTTTTTTAGGTAATGGACAATTATACAATTCAGTATTAACTGCTCATGCTATTTTAATAATTTTTTTTATAGTTATGCCAAGAATAATTGGTGGTTTTGGTAATTGGTTAGTTCCTTTAATATTGGGTGCACCAGATATGAGGTTTCCACGTTTAAATAATTTAAGTTTTTGATTGTTACCAACTGCTATGTTTTTAATTTTAGATTCTAGTTTTGTAGATACGGGGGCTGGTACTAGGTGAACTGTATATCCACCATTGAGAACTATAGGTCATCCAGGTAGAAGTGTTGATTTAGCTATCTTTAGGTTACACTGTGCAGGGTTAAGGTCTATTTTAGGTGGTATTAATTTTATGTGTACTACAAAAAATTTACGAAGTTCTTCTATTTCATTAGAACATATGAGTTTATTTGTGTGAACTGTATTTGTTACTGTGTTCTTGTTAGTTTTATCATTACCTGTGTTAGCTGGTGCTATTACTATATTGTTGACTGATCGTAATTTAAATACTTCATTTTTTGATCCTAGAACTGGTGGTAATCCATTGATTTATCAACATTTATT","FACE_233","sample",6,"PB1F_bc1049","PB1R_bc1120_rc","B14",652
"FACE_234_A12","FACE_234_A12_OTU25_5_None","batch_19_15062024",5,92.34375,"Nematoda","Chromadorea","Rhabditida","None","None","None","OTU25","secondary","3","2024-06-23","FACE_234_A12","12","A","FACE","234","GTCTTTATTTTTTATTTGGATTTTGGTCTGGTCTTTTAGGTTCTAGTCTGTCTGTTATTATTCGTTTGGAGTTATCTAAACCTGGTTTTTTTTTAGATAATGGTCAGTTATATAATAGAGTTATTACTTCACATGCTTTATTAATAATTTTTTTTATAGTTATACCTAGTATAATTGGTGGTTTTGGTAATTGAATGCTTCCTTTAATATTAGGTTGTCCTGATATAAGTTTTCCTCGTTTGAATAATTTAAGTTTTTGGCTTTTACCAACAGCTCTTTTTTTAGTAATTGATTCTTGTTTTGTTGATATAGGTGGTGGTACTAGTTGAACTATTTATCCTCCTTTGAGTACTTTTGGTCATGTTGGTAGTAGTGTTGATTTGGTAATTTTTAGTTTACATTGTGCTGGATTAAGTTCTATTTTTGGTGGTATTAATTTTATTTGTACTGTTAAAAATCTTCGTAGTAGTTCAATTTCTTTAGAGCATATAAGTTTATTTGTATGGTCTGTTTTTATTACTGTTTTTTTGTTGGTTTTATCTCTTCCTGTTTTAGCTGGTGCTATTACTATATTACTTACTGATCGTAATTTTAATACTTCTTTCTTTGATCCTGCTGGAGGAGGAGATCCAATTTTATATCAACATTTATT","FACE_234","sample",7,"PB1F_bc1089","PB1R_bc1121_rc","A23",652
"FACE_234_A12","FACE_234_A12_OTU25_75_None","batch_19_15062024",75,96.1538461538,"Nematoda","Chromadorea","Rhabditida","None","None","None","OTU25","secondary","2","2024-06-23","FACE_234_A12","12","A","FACE","234","GAAGTCTTTATTTTTTATTTGGATTTTGGTCTGGTCTTTTAGGTTCTAGTCTGTCTGTTATTATTCGTTTGGAGTTATCTAAACCTGGTTTTTTTTTAGATAATGGTCAGTTATATAATAGAGTTATTACTTCACATGCTTTATTAATAATTTTTTTTATAGTTATACCTAGTATAATTGGTGGTTTTGGTAATTGAATGCTTCCTTTAATATTAGGTTGTCCTGATATAAGTTTTCCTCGTTTGAATAATTTAAGTTTTTGGCTTTTACCAACAGCTCTTTTTTTAGTAATTGATTCTTGTTTTGTTGATATAGGTGGTGGTACTAGTTGAACTATTTATCCTCCTTTGAGTACTTTTGGTCATGTTGGTAGTAGTGTTGATTTGGTAATTTTTAGTTTACATTGTGCTGGATTAAGTTCTATTTTTGGTGGTATTAATTTTATTTGTACTGTTAAAAATCTTCGTAGTAGTTCAATTTCTTTAGAGCATATAAGTTTATTTGTATGGTCTGTTTTTATTACTGTTTTTTTGTTGGTTTTATCTCTTCCTGTTTTAGCTGGTGCTATTACTATATTACTTACTGATCGTAATTTTAATACTTCTTTTTTTGATCCTAGTTATGGTGGTAATCCTTTAATTTATCAACATTTGTTTT","FACE_234","sample",7,"PB1F_bc1089","PB1R_bc1121_rc","A23",657
"FACE_234_A3","FACE_234_A3_OTU25_9_None","batch_19_15062024",9,94.4444444444,"Nematoda","Chromadorea","Rhabditida","None","None","None","OTU25","secondary","2","2024-06-23","FACE_234_A3","3","A","FACE","234","GTCTTTATTTTTTATTTGGATTTTGGTCTGGTCTTTTAGGTTCTAGTCTGTCTGTTATTATTCGTTTGGAGTTATCTAAACCTGGTTTTTTTTTAGATAATGGTCAGTTATATAATAGAGTTATTACTTCACATGCTTTATTAATAATTTTTTTTATAGTTATACCTAGTATAATTGGTGGTTTTGGTAATTGAATGCTTCCTTTAATATTAGGTTGTCCTGATATAAGTTTTCCTCGTTTGAATAATTTAAGTTTTTGGCTTTTACCAACAGCTCTTTTTTTAGTAATTGATTCTTGTTTTGTTGATATAGGCGGTGGTACTAGTTGAACTATTTATCCTCCTTTGAGTACTTTTGGTCATGTTGGTAGTAGTGTTGATTTGGTAATTTTTAGTTTACATTGTGCTGGATTAAGTTCTATTTTTGGTGGTATTAATTTTATTTGTACTGTTAAAAATCTTCGTAGTAGTTCAATTTCTTTAGAGCATATAAGTTTATTTGTATGGTCTGTTTTTATTACTGTTTTTTTGTTGGTTTTATCTCTTCCTGTTTTAGCTGGTGCTATTACTATATTACTTACTGATCGTAATTTTAATACTTCTTTTTTTGATCCTAGTTATGGTGGTAATCCTTTAATTTATCAACATTTGTT","FACE_234","sample",7,"PB1F_bc1017","PB1R_bc1121_rc","A5",652
"FACE_234_F10","FACE_234_F10_OTU25_7_None","batch_19_15062024",7,96.1538461538,"Nematoda","Chromadorea","Rhabditida","None","None","None","OTU25","secondary","2","2024-06-23","FACE_234_F10","10","F","FACE","234","GTCTTTATTTTTTATTTGGATTTTGGTCTGGTCTTTTAGGTTCTAGTCTGTCTGTTATTATTCGTTTGGAGTTATCTAAACCTGGTTTTTTTTTAGATAATGGTCAGTTATATAATAGAGTTATTACTTCACATGCTTTATTAATAATTTTTTTTATAGTTATACCTAGTATAATTGGTGGTTTTGGTAATTGAATGCTTCCTTTAATATTAGGTTGTCCTGATATAAGTTTTCCTCGTTTGAATAATTTAAGTTTTTGGCTTTTACCAACAGCTCTTTTTTTAGTAATTGATTCTTGTTTTGTTGATATAGGTGGTGGTACTAGTTGAACTATTTATCCTCCTTTGAGTACTTTTGGTCATGTTGGTAGTAGTGTTGATTTGGTAATTTTTAGTTTACATTGTGCTGGATTAAGTTCTATTTTTGGTGGTATTAATTTTATTTGTACTGTTAAAAATCTTCGTAGTAGTTCAATTTCTTTAGAGCATATAAGTTTATTTGTATGGTCTGTTTTTATTACTGTTTTTTTGTTGGTTTTATCTCTTCCTGTTTTAGCTGGTGCTATTACTATATTACTTACTGATCGTAATTTTAATACTTCTTTTTTTGATCCTAGTTATGGTGGTAATCCTTTAATTTATCAACATTTGTT","FACE_234","sample",7,"PB1F_bc1078","PB1R_bc1121_rc","K19",652
"FACE_235_F9","FACE_235_F9_OTU25_81_None","batch_19_15062024",81,96.1538461538,"Nematoda","Chromadorea","Rhabditida","None","None","None","OTU25","secondary","2","2024-06-23","FACE_235_F9","9","F","FACE","235","AAGTCTTTATTTTTTATTTGGATTTTGGTCTGGTCTTTTAGGTTCTAGTCTGTCTGTTATTATTCGTTTGGAGTTATCTAAACCTGGTTTTTTTTTAGATAATGGTCAGTTATATAATAGAGTTATTACTTCACATGCTTTATTAATAATTTTTTTTATAGTTATACCTAGTATAATTGGTGGTTTTGGTAATTGAATGCTTCCTTTAATATTAGGTTGTCCTGATATAAGTTTTCCTCGTTTGAATAATTTAAGTTTTTGGCTTTTACCAACAGCTCTTTTTTTAGTAATTGATTCTTGTTTTGTTGATATAGGTGGTGGTACTAGTTGAACTATTTATCCTCCTTTGAGTACTTTTGGTCATGTTGGTAGTAGTGTTGATTTGGTAATTTTTAGTTTACATTGTGCTGGATTAAGTTCTATTTTTGGTGGTATTAATTTTATTTGTACTGTTAAAAATCTTCGTAGTAGTTCAATTTCTTTAGAGCATATAAGTTTATTTGTATGGTCTGTTTTTATTACTGTTTTTTTGTTGGTTTTATCTCTTCCTGTTTTAGCTGGTGCTATTACTATATTACTTACTGATCGTAATTTTAATACTTCTTTTTTTGATCCTAGTTATGGTGGTAATCCTTTAATTTATCAACATTTGTTT","FACE_235","sample",7,"PB1F_bc1195","PB1R_bc1122_rc","L17",655
"FACE_235_F9","FACE_235_F9_OTU4803_1_None","batch_19_15062024",1,92.534992224,"Nematoda","Chromadorea","Rhabditida","None","None","None","OTU4803","secondary","3","2024-06-23","FACE_235_F9","9","F","FACE","235","CTTTATATTTTATTTTGGATTTGGTCTGGTCTTTTAGGTTCTAGTCTGTCTTTATTATTCGTTTGGAGTTATCTAAACCTGGTTTTTTTTAGAGATGTCAATTTATAATAGATTGTTACTGTCACAGCTTTATTATAATTTTTTTTATAGTTATACCTAGTATAATTGGTGGTTTTGGTAATTGAATGCTTCCTTTAATATTAGGTTGTCCTGATATAAGTTTTCCTCGTTTGAATAATTTAAGTTTTTGGCTTTTACCAACAGCTCTTTTTTTAGTAATTGATTCTTGTTTTGTTGATATAGGTGGTGGTACTAGTTGAACTATTTATCCTCCTTTGAGTACTTTTGGTCATGTTGGTAGTAGTGTTGATTTGGTAATTTTTAGTTTACATTGTGCTGGATTAAGTTCTATTTTTGGTGGTATTAATTTTATTTGTACTGTTAAAAATCTTCGTAGTAGTTCAATTTCTTTAGAGCATATAAGTTTATTTGTATGGTCTGTTTTTATTACTGTTTTTTTGTTGGTTTTATCTCTTCCTGTTTTAGCTGGTGCTATTACTATATTACTTACTGATCGTAATTTTAATACTTCTTTTTTTGATCCTAGTTATGGTGGTAATCCTTTAATTTATCAACATTTGTT","FACE_235","sample",7,"PB1F_bc1195","PB1R_bc1122_rc","L17",643
"FACE_236_A3","FACE_236_A3_OTU2501_2_None","batch_19_15062024",2,91.4860681115,"Nematoda","Chromadorea","Rhabditida","Rhabditidae","None","None","OTU2501","secondary","3","2024-06-23","FACE_236_A3","3","A","FACE","236","ATTATATTTTATTTTTGGTTTATGATCTGGTATAGTAGGTACTAGATTATCTTTAATTATTCGTTTAGAATTGGCTAAACCAGGTTTGTTTTTAGGTAATGGTCAATTATATAATTCTATTATTACTGCTCATGCACTTTTAATAATTTTTTTTATAGTAATACCAAGTATAATTGGTGGTTTTGGTAATTGAATATTGCCATTAATATTAGGAGCACCTGATATAAGTTTTCCTCGTTTAAATAATTTAAGTTTTTGGTTATTACCAACAGCTTTATTTTTAATTTTGGATTCTAGATTTGTTGATATAGGTTGTGGTACTAGATGAGTAGTTTATCCTCCATTAAGTACTTTAGGGCATCCTGGAAGAAGAGTTGATTTAGCTATTTTTAGATTACATTGTGCTGGTTTGAGATCTATTTTAGGTGGTATTAATTTTATGTGTACAACAAAAAATTTACGTAGTAGTTCTATTTCTCTAGAGCATATGAGACTTTTTGTTTGAACAGTATTTGTTACAGTATTTTTATTAGTTTTGTCATTACCAGTTCTAGCAGGGGCTATTACTATATTATTGACTGATCGTAATTTAAATACATCTTTTTTTGATCCTAGAACAGGGGGTAATCCTTTAATTTATCAACATTTATT","FACE_236","sample",7,"PB1F_bc1017","PB1R_bc1123_rc","A6",651
"FACE_237_H9","FACE_237_H9_OTU25_8_None","batch_19_15062024",8,94.0625,"Nematoda","Chromadorea","Rhabditida","None","None","None","OTU25","secondary","2","2024-06-23","FACE_237_H9","9","H","FACE","237","GGAAGTCTTTATTTTTTATTTGGATTTTGGTCTGGTCTTTTAGGTTCTAGTCTGTCTGTTATTATTCGTTTGGAGTTATCTAAACCTGGTTTTTTTTTAGATAATGGTCAGTTATATAATAGATTTATTACTTCACATGCTTTATTAATAATTTTTTTTATAGTTATACCTAGTATAATTGGTGGTTTTGGTAATTGAATGCTTCCTTTAATATTAGGTTGTCCTGATATAAGTTTTCCTCGTTTGAATAATTTAAGTTTTTGGCTTTTACCAACAGCTCTTTTTTTAGTAATTGATTCTTGTTTTGTTGATATAGGTGGTGGTACTAGTTGAACTATTTATCCTCCTTTGAGTACTTTTGGTCATGTTGGTAGTAGTGTTGATTTGGTAATTTTTAGTTTACATTGTGCTGGATTAAGTTCTATTTTTGGTGGTATTAATTTTATTTGTACTGTTAAAAATCTTCGTAGTAGTTCAATTTCTTTAGAGCATATAAGTTTATTTGTATGGTCTGTTTTTATTACTGTTTTTTTGTTGGTTTTATCTCTTCCTGTTTTAGCTGGTGCTATTACTATATTACTTACTGATCGTAATTTTAATACTTCTTTTTTTGATCCTAGTTATGGTGGTAATCCTTTAATTTATCAACATTTGTTTT","FACE_237","sample",7,"PB1F_bc1072","PB1R_bc1124_rc","P18",658
"FACE_240_D3","FACE_240_D3_AFF6793_4_None","batch_19_15062024",4,98.4591679507,"Nematoda","Chromadorea","Rhabditida","None","None","None","BOLD:AFF6793","secondary","3","2024-06-23","FACE_240_D3","3","D","FACE","240","CGTTATATTTTATTTTTGGTTTATGATCAGGAATGGTAGGAACTAGTTTATCAATAATTATTCGTTTTGAGTTAGCTAAACCGGGCTATTTTTTAGGGAATGGTCAGTTATATAATTCTATTATTACAGCACATGCATTATTAATAATTTTTTTTATAGTAATACCAACTATAATTGGAGGGTTTGGAAATTGAATACTGCCTTTAATATTAGGGTCTCCTGATATAAGATTCCCACGTTTAAATAATTTAAGTTTTTGATTATTACCTACTGCTATATTGTTAATTTTGGATGCTTGTTTTGTTGATATAGGGTGTGGGACTAGATGAACTGTGTATCCTCCTTTGAGAACTTTAGGACATCCAGGAAGTAGAGTAGATTTAGCTATTTTTAGTTTACATTGTGCAGGGATTAGTTCAATTTTAGGGGGTATTAATTTTATATGTACTACTAAAAATTTACGTAGTAGTTCAATTTCTTTAGAGCATATAAGTTTATTTGTTTGAACTGTTTTTGTTACTGTTTTTTTATTAGTTTTATCCTTGCCTGTTTTAGCTGGGGCTATTACTATATTATTAACTGATCGTAATATTAACACAACATTTTTTGATCCAAGTTCTGGAGGGAATCCTTTAATTTATCAACATTTATTTTG","FACE_240","sample",8,"PB1F_bc1020","PB1R_bc1127_rc","G6",655
"FACE_240_E3","FACE_240_E3_ADQ8029_2_None","batch_19_15062024",2,98.7341772152,"Nematoda","Chromadorea","Rhabditida","Rhabdiasidae","None","None","BOLD:ADQ8029","secondary","2","2024-06-23","FACE_240_E3","3","E","FACE","240","CTTTATATCTTATTTTTGGTCTATGATCAGGAATAGTTGGTACAAGACTTTCTATAATTATTCGTATAGAGTTAGCTAAACCTGGTTATATGTTAGGTAATGGTCAATTATATAATTCTGTTTTAACTGCTCATGCTATTTTAATAATTTTCTTTATAGTTATACCTAGAATGATTGGTGGTTTTGGTAATTGATTATTACCATTAATATTAGGTGCTCCAGATATAAGATTTCCTCGTTTAAATAACGTAAGATTCTGATTATTACCAGCAGCTATATTTTTGATTTTAGATGCTTGTTTTGTTGATTCTGGTTGTGGTACTAGATGAACAGTTTATCCTCCATTAAGAACTATAGGTCATCCAGGTAGAAGAGTAGATTTAGCTATTTTTAGTCTTCATTGTTCTGGTATTAGTTCTATCTTAGGTGGAATTAATTTTATATGTACTACTAAAAATCTTCGTAGTAGTTCTATCTCTTTAGAACATATAAGTTTATTTGTATGAACAGTTTTTGTAACAGTATTTTTATTAGTTTTATCTTTACCTGTATTAGCTGGTGCTATCACTATACTTTTAACTGATCGTAATTTAAATACTTCTTTCTTTGATCCTAGAATAGGTGGTAATCCTTTGATTTATCAACATTTATT","FACE_240","sample",8,"PB1F_bc1021","PB1R_bc1127_rc","I6",652
"PBRI_005_E7","PBRI_005_E7_ADQ8029_9_None","batch_19_15062024",9,98.7341772152,"Nematoda","Chromadorea","Rhabditida","Rhabdiasidae","None","None","BOLD:ADQ8029","secondary","2","2024-06-23","PBRI_005_E7","7","E","PBRI","005","CTTTATATCTTATTTTTGGTCTATGATCAGGAATAGTTGGTACAAGACTTTCTATAATTATTCGTATAGAGTTAGCTAAACCTGGTTATATGTTAGGTAATGGTCAATTATATAATTCTGTTTTAACTGCTCATGCTATTTTAATAATTTTCTTTATAGTTATACCTAGAATGATTGGTGGTTTTGGTAATTGATTATTACCATTAATATTAGGTGCTCCAGATATAAGATTTCCTCGTTTAAATAACGTAAGATTCTGATTATTACCAGCAGCTATATTTTTGATTTTAGATGCTTGTTTTGTTGATTCTGGTTGTGGTACTAGATGAACAGTTTATCCTCCATTAAGAACTATAGGTCATCCAGGTAGAAGAGTAGATTTAGCTATTTTTAGTCTTCATTGTTCTGGTATTAGTTCTATCTTAGGTGGAATTAATTTTATATGTACTACTAAAAATCTTCGTAGTAGTTCTATCTCTTTAGAACATATAAGTTTATTTGTATGAACAGTTTTTGTAACAGTATTTTTATTAGTTTTATCTTTACCTGTATTAGCTGGTGCTATCACTATACTTTTAACTGATCGTAATTTAAATACTTCTTTCTTTGATCCTAGAATAGGTGGTAATCCTTTGATTTATCAACATTTATT","PBRI_005","sample",12,"PB1F_bc1053","PB1R_bc1142_rc","J13",652
"PBRI_005_E7","PBRI_005_E7_OTU2726_1_None","batch_19_15062024",1,96.4912280702,"Nematoda","Chromadorea","Rhabditida","Rhabdiasidae","None","None","OTU2726","secondary","4","2024-06-23","PBRI_005_E7","7","E","PBRI","005","TATCTTATTTTTGGTCTATGATCAGGAATAGTTGGTACAAGACTTTCTATAATTATTCGTATAGAGTTAGCTAAACCTGGTTATATGTTAGGTAATGGTCAATTATATAATTCTGTTTTAACTGCTCATGCTATTTTAATAATTTTCTTTATAGTTATACCTAGAATGATTGGTGGTTTTGGTAATTGATTATTACCATTAATATTAGGTGCTCCAGATATAAGATTTCCTCGTTTAAATAACGTAAGATTCTGATTATTACCAGCAGCTATATTTTTGATTTTAGATGCTTGTTTTGTTGATTCTGGTTGTGGTACTAGATGAACAGTTTATCCTCCATTAAGAACTATAGGTCATCCAGGTAGAAGAGTAGATTTAGCTATTTTTAGTCTTCATTGTTCTGGTATTAGTTCTATCTTAGGTGGAATTAATTTTATATGTACTACTAAAAATCTTCGTAGTAGTTCTATCTCTTTAGAACATATAAGTTTATTTGTATGAACAGTTTTTGTAACAGTATTTTTATTAGTTTTATCTTTACCTGTATTAGCAGGTGCTATTACTATACTATTAACTGATCGTAATTTAAATACTTCATTTTTTGATCCCTGCTGAGGTGGAGACCCATTCTGTATCAACATTTAT","PBRI_005","sample",12,"PB1F_bc1053","PB1R_bc1142_rc","J13",645
"PBRI_007_E6","PBRI_007_E6_AFI5079_11_None","batch_19_15062024",11,100,"Nematoda","Chromadorea","Rhabditida","None","None","None","BOLD:AFI5079","secondary","2","2024-06-23","PBRI_007_E6","6","E","PBRI","007","GTCTTTATTTTTTATTTGGTTTTTGATCAGGTTTATTAGGATCAATACTATCTGTTCTTATTCGTTTAGAGCTGTCTAAGCCTGGGTTTTTTATTGATAATGGTCAGCTCTATAATAGTATTATTACTTCACATGCTCTTTTAATAATTTTTTTTATAGTTATGCCTAGAATAATCGGAGGTTTTGGTAACTGGATGTTACCTTTAATATTAGGTTGTCCTGACATAAGTTTTCCTCGTTTGAATAATCTTAGATTTTGACTTTTACCTACATCTATTTTTTTAGTTTTAGATTCTAGTTTTGTTGATATAGGTGGAGGAACTAGCTGAACTATTTATCCTCCTTTAAGTACTTTAGGGCACATGGGCAGGAGTGTTGATTTAGTTATTTTAAGTTTACATTGCGCAGGAATCAGATCAATTTTGGGAGGTATTAACATTATATGTACTGTAAAAAATTTGCGTAGGAGATCTATCTCTTTGGAACATATGAGATTATTTGTTTGGTCAGTTTTTGTTACTGTTTTTTTGTTAGTTTTGTCCTTACCTGTGTTAGCTGGTGCTATTACTATGCTTTTAACAGATCGTAATTTTAATACTTCTTTTTTTGATCCTAGTTATGGAGGTAACCCTTTAATTTATCAGCATCTTTTT","PBRI_007","sample",12,"PB1F_bc1045","PB1R_bc1144_rc","J12",653
"PBRI_007_G9","PBRI_007_G9_OTU2341_2_None","batch_19_15062024",2,90.2476780186,"Nematoda","Chromadorea","Rhabditida","None","None","None","OTU2341","secondary","4","2024-06-23","PBRI_007_G9","9","G","PBRI","007","GTCTTTATTTTTTGTTTGGTTTTTGGTCGGGTCTTTTAGGCTCTAGTCTTTCTGTTGTAATTCGTTTTGAGTTGTCTAAGCCTGGTTTTTTTTTTGGATAGAGGTCAGCTTTACAATTCTTTGATCACTTCTCATGCTTTGTTGATGATTTTTTTTATAGTTATGCCTGTTATGCTGGGGGGATTTGGTAATTGAATAGTTCCTTTGATGCTGGGGTGTCCGGATATAAGCTTTCCCCGTTTAAATAATTTAAGATTTTGGCTTTTGCCGGCCTCACTTATTTTAGTTGTTTCTTCGGGTTTTGTAGATACTGGGGGTGGCACAAGATGGACTATTTACCCCCCATTGAGGACTTCTGGCCATGCTGGCGGTAGTGTAGACTTAGTTATTTTTAGTTTACACTTAGCAGGTGTAAGTTCTATTCTGGGAGGATTGAATTTTATATGTACTGTAAAGAATTTGCGTAGCAGTTCTATTTCTATTGAGCATATAAGCCTTTTTGTTTGGAGTGTTTTTGTTACTGTTTTTCTGTTGGTCTTGTCTTTACCTGTTTTGGCGGGGGCGATTACCATACTATTAACTGATCGTAATTTTAATACTTCTTTCTTTGATCCTAGTTTTGGGGGTAACCCTTTAATTTATCAGCATTTGTT","PBRI_007","sample",12,"PB1F_bc1071","PB1R_bc1144_rc","N18",653
"PBRI_009_B2","PBRI_009_B2_ADQ8029_3_None","batch_19_15062024",3,98.8924050633,"Nematoda","Chromadorea","Rhabditida","Rhabdiasidae","None","None","BOLD:ADQ8029","secondary","5","2024-06-23","PBRI_009_B2","2","B","PBRI","009","CTTTATATCTTATTTTTGGTCTATGATCAGGAATAGTTGGTACAAGACTTTCTATAATTATTCGTATAGAGTTAGCTAAACCTGGTTATATATTAGGTAATGGTCAATTATATAATTCTGTTTTAACTGCTCATGCTATTTTAATAATTTTCTTTATAGTTATACCTAGAATGATTGGTGGTTTTGGTAATTGATTATTACCATTAATATTAGGTGCTCCAGATATAAGATTTCCTCGTTTAAATAACGTAAGATTCTGATTATTACCAGCAGCTATATTTTTGATTTTAGATGCTTGTTTTGTTGATTCTGGTTGTGGTACTAGATGAACAGTTTATCCTCCATTAAGAACTATAGGTCATCCAGGTAGAAGAGTAGATTTAGCTATTTTTAGTCTTCATTGTTCTGGTATTAGTTCTATTTTAGGTGGAATTAATTTTATATGTACTACTAAAAATCTTCGTAGTAGTTCTATCTCTTTAGAACATATAAGTTTATTTGTATGAACAGTTTTTGTAACAGTATTTTTATTAGTTTTATCTCTACCTGTATTAGCTGGTGCTATTACTATACTTTTAACTGATCGTAATTTAAATACTTCTTTCTTTGACCCTAGAATAGGTGGTAATCCTTTGATTTATCAACATTTATT","PBRI_009","sample",13,"PB1F_bc1010","PB1R_bc1146_rc","D3",652
"SNST_003_F10","SNST_003_F10_OTU687_4_None","batch_19_15062024",4,90.2777777778,"Nematoda","Chromadorea","Rhabditida","Sphaerulariidae","None","None","OTU687","secondary","2","2024-06-23","SNST_003_F10","10","F","SNST","003","GTAGTCTTTATTTTTTATTTGGTTTTTGGTCTGGTCTTTTAGGTTCTAGTTTATCTGTAATTATTCGTTTGGAGCTTTCTAAGCCAGGTTTTTTTTTAGATAATGGTCAACTCTATAATAGAGTTATTACTTCTCATGCTTTATTAATAATTTTTTTTATAGTTATGCCTAGAATAATCGGGGGTTTTGGCAATTGAATATTACCTCTCATGCTAGGTTGTCCTGATATGAGTTTTCCTCGTTTAAATAATTTAAGTTTTTGGCTTTTGCCTACCTCTCTTTTTTTAATTTTAGATTCTTGTTTTGTTGATACAGGTGGTGGAACTAGTTGAACAGTTTATCCTCCTTTAAGAACTTTAGGTCATGTGGGAAGGAGTGTTGATTTGGTAATTTTTAGTCTTCATTGTGCTGGTATAAGTTCTATTTTGGGAGGTATTAATTTTTTATGTACTGTTAAAAATTTACGTAGAAGTTCTATTTCTTTAGAGCATATAAGTTTGTTTGTTTGATCTGTTTTTGTTACTGTTTTTCTTTTAGTTCTTTCTTTGCCTGTTTTAGCTGGTGCTATTACTATACTTTTAACTGATCGTAATTTTAATACTTCTTTTTTTGATCCTAGTTACGGAGGTAATCCTTTGATTTATCAACATTTATT","SNST_003","sample",15,"PB1F_bc1078","PB1R_bc1156_rc","L20",655
"SNST_004_G6","SNST_004_G6_AAA7357_5_Lumbricus","batch_19_15062024",5,100,"Annelida","Clitellata","Crassiclitellata","Lumbricidae","Lumbricus","Lumbricus castaneus L1","BOLD:AAA7357","secondary","3","2024-06-23","SNST_004_G6","6","G","SNST","004","CTTTATATTTCATTCTCGGAGTATGAGCTGGAATAGTGGGGGCCGGAATAAGACTTCTAATTCGAATTGAACTAAGGCAGCCAGGTGCATTCCTGGGAAGGGACCAGCTATATAACACGATTGTTACTGCACACGCATTTGTTATAATCTTTTTTCTAGTGATACCAGTATTTATTGGGGGATTTGGAAACTGACTCCTCCCACTAATGCTGGGGGCGCCTGATATAGCCTTCCCACGATTAAATAACATGAGATTCTGACTTCTTCCCCCCTCTCTCATTCTTTTAGTCTCTTCAGCCGCGGTGGAAAAGGGGGCCGGAACCGGGTGAACCGTATACCCGCCTCTAGCTAGAAACCTAGCTCACGCAGGACCTTCTGTGGATCTGGCCATTTTTTCTCTTCATCTGGCGGGGGCATCTTCTATCCTCGGAGCAATTAACTTTATCACGACCGTAATTAATATGCGATGGGGGGGTTTACGCCTAGAGCGGATCCCTCTGTTTGTATGAGCTGTACTAATTACCGTGGTACTTCTTCTTCTATCCCTTCCAGTTCTTGCGGGCGCCATTACCATGCTTCTAACAGACCGTAATTTAAATACATCATTCTTTGACCCTGCGGGAGGTGGAGATCCAATTCTGTATCAACATCTTTT","SNST_004","sample",16,"PB1F_bc1047","PB1R_bc1157_rc","M11",655
"SNST_004_H3","SNST_004_H3_OTU687_2_None","batch_19_15062024",2,91.049382716,"Nematoda","Chromadorea","Rhabditida","Parasitylenchidae","None","None","OTU687","secondary","2","2024-06-23","SNST_004_H3","3","H","SNST","004","TCTCTTTATTTTTTATTTGGTTTTTGGTCTGGTCTTTTAGGTTCTAGTTTATCTGTAATTATTCGTTTGGAGCTCTCTAAGCCAGGTTTTTTTTTAGATAATGGTCAACTTTATAATAGAGTTATTACTTCTCATGCTTTATTAATAATTTTTTTTATAGTTATGCCTAGAATAATCGGGGGTTTTGGCAATTGAATATTACCTCTCATGCTAGGTTGTCCTGATATGAGTTTTCCTCGTTTAAATAATTTAAGTTTTGGGCTTTTGCCTACCTCTCTTTTTTTAATTTTAGATTCTTGTTTTGTTGATACAGGTGGTGGAACTAGTTGAACAGTTTATCCTCCTTTAAGAACTTTAGGTCATGTGGGAAGGAGTGTTGATTTGGTAATTTTTAGTCTTCATTGTGCTGGTATAAGTTCTATTTTGGGAGGGTATTAATTTTTTATGTACTGTTAAAAATTTACGTAGAAGTTCTATTTCTTTAGAGCATATAAGTTTGTTTGTTTGATCTGTTTTTGTTACTGTTTTTCTTTTAGTTCTTTCTTTGCCTGTTTTAGCTGGTGCTATCACTATACTTTTAACTGACCGTAATTTTAATACTTCTTTTTTTGATCCTAGTTACGGAGGTAATCCTTTGATTTATCAACATTTATTT","SNST_004","sample",16,"PB1F_bc1024","PB1R_bc1157_rc","O5",655
"SNST_005_E5","SNST_005_E5_OTU687_2_None","batch_19_15062024",2,90.1234567901,"Nematoda","Chromadorea","Rhabditida","Parasitylenchidae","None","None","OTU687","secondary","3","2024-06-23","SNST_005_E5","5","E","SNST","005","GTCTTTATTTTTTATTTGGTTTTTGGTCTGGTCTTTTAGGTTCTAGTTTATCTGTAATTATTCGTTTGGAGCTTTCTAAGCCAGGTTTTTTTTTAGATAATGGTCAACTCTATAATAGAGTTATTACTTCTCATGCTTTATTAATAATTTTTTTTATAGTTATGCCTAGAATAATCGGGGGTTTTGGCAATTGAATATTACCTCTCATGCTAGGTTGTCCTGATATGAGTTTTCCTCGTTTAAATAATTTAAGTTTTTGGCTTTTGCCTACCTCTCTTTTTTTAATTTTAGATTCTTGTTTTGTTGATACAGGTGGTGGAACTAGTTGAACAGTTTATCCTCCTCTAAGAACTTTAGGTCATGTGGGAAGGAGTGTTGATTTGGTAATTTTTAGTCTTCATTGTGCTGGTATAAGTTCTATTTTGGGAGGTATTAATTTTTTATGTACTGTTAAAAATTTACGTAGAAGTTCTATTTCTTTAGAGCATATAAGTTTGTTTGTTTGATCTGTTTTTGTTACTGTTTTTCTTTTAGTTCTTTCTTTGCCTGTTTTAGCTGGTGCTATTACTATACTTTTAACTGACCGTAATTTTAATACTTCTTTTTTTGATCCTAGTTACGGAGGTAATCCTTTGATTTATCAACATTTATT","SNST_005","sample",16,"PB1F_bc1037","PB1R_bc1158_rc","J9",652
"SNST_007_E2","SNST_007_E2_EXCLUDED_3_Lumbricus","batch_19_15062024",3,97.7099236641,"Annelida","Clitellata","Crassiclitellata","Lumbricidae","Lumbricus","Lumbricus castaneus","EXCLUDED","secondary","2","2024-06-23","SNST_007_E2","2","E","SNST","007","CTTTATATTTTATTCTCGGAGTATGGGCTGGAATAGTGGGAGCCGGAATAAGCCTTCTAATTCGAATTGAGCTAAGGCAGCCAGGTGCATTTCTAGGAAGAGACCAGCTATATAACACGATTGTTACTGCACACGCATTTGTTATAATCTTTTTTCTAGTCATGCCAGTATTTATTGGGGGATTTGGAAACTGGCTCCTCCCACTAATACTGGGGGCGCCTGATATAGCCTTCCCACGATTAAATAACATGAGATTCTGACTTCTTCCTCCCTCTCTCATTCTTTTAGTCTCTTCAGCCGCGGTGGAAAGGGGGGCCGGAACCGGATGAACTGTATACCCCCCTCTAGCTAGAAATCTAGCTCACGCAGGACCTTCTGTGGATATGGCCATTTTCTCCCTTCATCTGGCGGGGGCATCTTCTATCCTCGGGGCAATTAACTTTATCACGACCGTAATTAATATGCGATGGGGGGGTTTACGCCTAGAACGGGTCCCTCTGTTTGTATGAGCTGTATTAATTACCGTGGTACTTCTTCTTCTATCCCTCCCAGTTCTTGCAGGGGCCATTACTATACTTCTAACAGACCGTAATTTAAATACATCATTCTTTGACCCTGCGGGAGGTGGGGACCCAATTCTGTATCAACATCTTTTC","SNST_007","sample",16,"PB1F_bc1013","PB1R_bc1160_rc","J4",656
"SNST_007_G1","SNST_007_G1_AAA7355_1_Lumbricus","batch_19_15062024",1,99.1776315789,"Annelida","Clitellata","Crassiclitellata","Lumbricidae","Lumbricus","Lumbricus castaneus","BOLD:AAA7355","secondary","6","2024-06-23","SNST_007_G1","1","G","SNST","007","CTTTATATTTTATTCTCGGAGTATGGGCTGGAATAGTGGGAGCCGGAATAAGCCTTCTAATTCGAATTGAGCTAAGGCAGCCAGGTGCATTTCTAGGAAGAGACCAGCTATATAACACGATTGTTACTGCACACGCATTTGTTATAATCTTTTTTCTAGTCATGCCAGTATTTATTGGGGGATTTGGAAACTGGCTCCTCCCACTAATACTGGGGGGCGCCTGATATAGCCTTCCCACGATTAAATAACATGAGATTCTGACTTCTTCCTCCCTCTCTCATTCTTTTAGTCTCTTCAGCCGCGGTGGAAAGGGGGGGCCGGAACCGGATGAACTGTATACCCCCCTCTAGCTAGAAATCTAGCTCACGCAGGACCTTCTGTGGATATGGCCATTTTCTCCCTTCATCTGGCGGGGGCATCTTCTATCCTCGGGGCAATTAACTTTATCACGACCGTAATTAATATGCGATGGGGGGGTTTACGCCTAGAACGGGTCCCTCTGTTTGTATGAGCTGTATTAATTACCGTGGTACTTCTTCTTCTATCCCTCCCAGTTCTTGCAGGGGCCATTACTATACTTCTAACAGACCGTAATTTAAATACATCATTCTTTGACCCTGCGGGAGGTGGGGACCCAATTCTGTATCAACATCTTTTCTGATTT","SNST_007","sample",16,"PB1F_bc1007","PB1R_bc1160_rc","N2",664
"SNST_007_G1","SNST_007_G1_EXCLUDED_31_Lumbricus","batch_19_15062024",31,97.7099236641,"Annelida","Clitellata","Crassiclitellata","Lumbricidae","Lumbricus","Lumbricus castaneus","EXCLUDED","secondary","2","2024-06-23","SNST_007_G1","1","G","SNST","007","ACTTTATATTTTATTCTCGGAGTATGGGCTGGAATAGTGGGAGCCGGAATAAGCCTTCTAATTCGAATTGAGCTAAGGCAGCCAGGTGCATTTCTAGGAAGAGACCAGCTATATAACACGATTGTTACTGCACACGCATTTGTTATAATCTTTTTTCTAGTCATGCCAGTATTTATTGGGGGATTTGGAAACTGGCTCCTCCCACTAATACTGGGGGCGCCTGATATAGCCTTCCCACGATTAAATAACATGAGATTCTGACTTCTTCCTCCCTCTCTCATTCTTTTAGTCTCTTCAGCCGCGGTGGAAAGGGGGGCCGGAACCGGATGAACTGTATACCCCCCTCTAGCTAGAAATCTAGCTCACGCAGGACCTTCTGTGGATATGGCCATTTTCTCCCTTCATCTGGCGGGGGCATCTTCTATCCTCGGGGCAATTAACTTTATCACGACCGTAATTAATATGCGATGGGGGGGTTTACGCCTAGAACGGGTCCCTCTGTTTGTATGAGCTGTATTAATTACCGTGGTACTTCTTCTTCTATCCCTCCCAGTTCTTGCAGGGGCCATTACTATACTTCTAACAGACCGTAATTTAAATACATCATTCTTTGACCCTGCGGGAGGTGGGGACCCAATTCTGTATCAACATCTTTT","SNST_007","sample",16,"PB1F_bc1007","PB1R_bc1160_rc","N2",656
"WWTS_006_D4","WWTS_006_D4_AAU0150_1_Lumbricillus","batch_19_15062024",1,99.6927803379,"Annelida","Clitellata","Enchytraeida","Enchytraeidae","Lumbricillus","Lumbricillus rubidus","BOLD:AAU0150","secondary","17","2024-06-23","WWTS_006_D4","4","D","WWTS","006","TATTTCATCTTAGGTGTATGAGCTGGCATACTCGGTGCAGCAATAAGACTTCTAATTCGAATTGAACTAAGACAACCTGGAGCCTTCCTAGGAAGAGATCAATTATATAATACAATCGTGACAGCCCATGCATTCCTTATAATTTTCTTCCTTGTAATACCAGTATTTATTGGGGGATTTGGAAACTGACTTCTACCCCTAATACTGGGGGCCCCTGATATAGCATTCCCACGACTAAATAATATAAGATTCTGGCTACTCCCCCCAGCTCTTCTCCTTCTTGTTTCCTCTGCAGCCGTAGAAAAAGGTGCAGGAACAGGATGAACAGTAATATCCACCACTAGCAAGAAATCTAGCTCATGCTGGGCCATCAGTTGACCTAGCAATTTTCTCCCTACACTTGGCAGGAGCCTCCTCAATTTTAGGTTCCGTAAATTTTATTACAACAGTTATTAATATGCGGTGACAAGGGCTCCGACTAGAACGAATTCCATTATTTTGTTTGAGCCGTAGTAATTACCACAGTTCTTCTACTTTTATCACTGCCAGTGCTGGCAGGAGCTATTACTATATTACTAACAGATCGAAATCTAAACACCTCTTTCTTTGACCCTGCTGGAGGGGGTGACCCTGTACTTTACCAACACTTATTC","WWTS_006","sample",15,"PB1F_bc1028","PB1R_bc1153_rc","G7",653
"WWTS_007_D2","WWTS_007_D2_AFH6244_7_None","batch_19_15062024",7,99.6918335901,"Nematoda","Chromadorea","Rhabditida","None","None","None","BOLD:AFH6244","secondary","2","2024-06-23","WWTS_007_D2","2","D","WWTS","007","CTTTGTATTTTATTTTTGGTTTATGATCAGGGATAGTAGGTACAAGATTATCTTTATTAATTCGTTTAGAGTTAGCTAAACCAGGTTTTTTTTTAGGTAATGGACAGTTATATAATTCTATTATTACTGCTCATGCAATTTTGATGATTTTTTTTATAGTTATACCCAGAATAATTGGTGGTTTTGGTAATTGATTAGTTCCTTTGATATTAGGTGCTCCAGATATAAGGTTTCCTCGTTTAAATAATTTAAGGTTTTGGTTATTACCTACATCTATGTTTTTAATTTTAGATTCTTGTTTTGTAGATATAGGTTGTGGTACTAGTTGAACGGTATATCCTCCTTTAAGAACTTTGGGACACCCAGGAAGAAGTGTTGATTTGGCTATCTTTAGTTTACATTGTGCCGGTTTAAGTTCTATTTTAGGGGGAATTAATTTTATATGTACTACAAAGAATTTACGTAGTAGTTCTATTTCTTTAGAACATATGAGATTATTTGTATGAACAGTTTTTGTTACAGTATTTTTGTTGGTTTTATCTTTACCTGTTTTAGCTGGAGCTATTACTATATTGTTAACTGATCGTAATTTAAATACTTCTTTTTTTGATCCAAGTACAGGAGGAAATCCTTTAATTTATCAACATTTGTTT","WWTS_007","sample",20,"PB1F_bc1012","PB1R_bc1175_rc","G4",653
"WWTS_008_H6","WWTS_008_H6_ADQ8029_1_None","batch_19_15062024",1,98.8924050633,"Nematoda","Chromadorea","Rhabditida","Rhabdiasidae","None","None","BOLD:ADQ8029","secondary","2","2024-06-23","WWTS_008_H6","6","H","WWTS","008","CTTTATATCTTATTTTTGGTCTATGATCAGGAATAGTTGGTACAAGACTTTCTATAATTATTCGTATAGAGTTAGCTAAACCTGGTTATATATTAGGTAATGGTCAATTATATAATTCTGTTTTAACTGCTCATGCTATTTTAATAATTTTCTTTATAGTTATACCTAGAATGATTGGTGGTTTTGGTAATTGATTATTACCATTAATATTAGGTGCTCCAGATATAAGATTTCCTCGTTTAAATAACGTAAGATTCTGATTATTACCAGCAGCTATATTTTTGATTTTAGATGCTTGTTTTGTTGATTCTGGTTGTGGTACTAGATGAACAGTTTATCCTCCATTAAGAACTATAGGTCATCCAGGTAGAAGAGTAGATTTAGCTATTTTTAGTCTTCATTGTTCTGGTATTAGTTCTATCTTAGGTGGAATTAATTTTATATGTACTACTAAAAATCTTCGTAGTAGTTCTATCTCTTTAGAACATATAAGTTTATTTGTATGAACAGTTTTTGTAACAGTATTTTTATTAGTTTTATCTTTACCTGTATTAGCTGGTGCTATCACTATACTTTTAACTGATCGTAATTTAAATACTTCTTTCTTTGATCCTAGAATAGGTGGTAATCCTTTGATTTATCAACATTTATT","WWTS_008","sample",20,"PB1F_bc1048","PB1R_bc1176_rc","P12",652
"WWTS_010_E4","WWTS_010_E4_ADQ8029_4_None","batch_19_15062024",4,98.5736925515,"Nematoda","Chromadorea","Rhabditida","Rhabdiasidae","None","None","BOLD:ADQ8029","secondary","2","2024-06-23","WWTS_010_E4","4","E","WWTS","010","CTTTATATCTTATTTTTGGTCTATGATCAGGAATAGTTGGTACAAGACTTTCTATAATTATTCGTATAGAGTTAGCTAAACCTGGTTATATGTTAGGTAATGGTCAATTATATAATTCTGTTTTAACTGCTCATGCTATTTTAATAATTTTCTTTATAGTTATACCTAGAATGATTGGTGGTTTTGGTAATTGATTATTACCATTAATATTAGGTGCTCCAGATATAAGATTTCCTCGTTTAAATAACGTAAGATTCTGGTTATTACCAGCAGCTATATTTTTGATTTTAGATGCTTGTTTTGTTGATTCTGGTTGTGGTACTAGATGAACAGTTTATCCTCCATTAAGAACTATAGGTCATCCAGGTAGAAGAGTAGATTTAGCTATTTTTAGTCTTCATTGTTCTGGTATTAGTTCTATCTTAGGTGGAATTAATTTTATATGTACTACTAAAAATCTTCGTAGTAGTTCTATCTCTTTAGAACATATAAGTTTATTTGTATGAACAGTTTTTGTAACAGTATTTTTATTAGTTTTATCTTTACCTGTATTAGCTGGTGCTATCACTATACTTTTAACTGATCGTAATTTAAATACTTCTTTCTTTGATCCTAGAATAGGTGGTAATCCTTTGATTTATCAACATTTATTT","WWTS_010","sample",21,"PB1F_bc1029","PB1R_bc1178_rc","J7",653
"YARN_027_D7","YARN_027_D7_OTU2074_1_Litoditis","batch_19_15062024",1,90.1689708141,"Nematoda","Chromadorea","Rhabditida","Rhabditidae","Litoditis","Litoditis aff. marina PmI","OTU2074","secondary","2","2024-06-23","YARN_027_D7","7","D","YARN","027","ACTTTATTTTATTTTTGGTTTATGGTCTGGTATAGTAGGTACAAGTCTTTCTTTAATTATTCGTTTAGAATTAGCAAAACCAGGTTTATTTTTAGGAAATGGTCAATTATATAATTCTATTATTACAGCCCATGCTTTATTAATAATTTTTTTTATAGTTATACCTAGAATAATTGGTGGTTTTGGTAACTGAATATTACCTTTAATATTGGGGGCTCCTGATATAAGTTTTCCTCGTTTAAATAATTTAAGTTTTTGGTTATTACCTACAGCTATATTTTTAATTTTAGATTCTAGTTTTGTAGATATAGGTTGTGGTACTAGTTGAACTGTATATCCTCCTTTAAGAACATTAGGTCATCCTGGTAGTAGTGTAGATTTAGCTATTTTTAGTTTACATTGTGCTGGTTTGAGTTCTATTTTAGGTGGTATTAATTTTATGTGTACAACAAAAAATTTACGTAGAAGTTCTATTTCTTTAGAACATATAAGGTTATTTGTTTGAACGGTATTTGTTACTGTTTTTCTTTTAGTATTATCTTTACCTGTTTTAGCTGGTGCTATTACTATATTATTAACTGATCGTAATTTAAATACCTCATTTTTTGATCCATGTACAGGTGGTAACCCACTAATTTATCAACATTTATT","YARN_027","sample",22,"PB1F_bc1052","PB1R_bc1182_rc","H13",651
"YARN_028_A3","YARN_028_A3_ADQ8029_1_None","batch_19_15062024",1,98.5781990521,"Nematoda","Chromadorea","Rhabditida","Rhabdiasidae","None","None","BOLD:ADQ8029","secondary","2","2024-06-23","YARN_028_A3","3","A","YARN","028","TCTTTATATCTTATTTTTGGTCTATGATCAGGAATAGTTGGTACAAGACTTTCTATAATTATTCGTATAGAGTTAGCTAAACCTGGTTATATGTTAGGTAATGGTCAATTATATAATTCTGTTTTAACTGCTCATGCTATTTTAATAATTTTCTTTATAGTTATACCTAGAATGATTGGTGGTTTTGGTAATTGATTATTACCATTAATATTAGGTGCTCCAGATATAAGATTTCCTCGTTTAAATAACGTAAGATTCTGATTATTACCAGCAGCTATATTTTTGATTTTAGATGCTTGTTTTGTTGATTCTGGTTGTGGTACTAGATGAACAGTTTATCCTCCATTAAGAACTATAGGTCATCCAGGTAGAAGAGTAGATTTAGCTATTTTTAGTCTTCATTGTTCTGGTATTAGTTCTATCTTAGGTGGAATTAATTTTATATGTACTACTAAAAATCTTCGTAGTAGTTCTATCTCTTTAGAACATATAAGTTTATTTGTATGAACAGTTTTTGTAACAGTAATTTTTATTAGTTTTATCTTTACCTGTATTAGCTGGTGCTATCACTATACTTTTAACTGATCGTAATTTAAATACTTCTTTCTTTGATCCTAGAATAGGTGGTAATCCTTTGATTTATCAACATTTATT","YARN_028","sample",22,"PB1F_bc1017","PB1R_bc1183_rc","A6",654
"YARN_031_B12","YARN_031_B12_ADQ8029_1_None","batch_19_15062024",1,100,"Nematoda","Chromadorea","Rhabditida","Rhabdiasidae","None","None","BOLD:ADQ8029","secondary","2","2024-06-23","YARN_031_B12","12","B","YARN","031","CTTTATATCTTATTTTTGGTCTATGATCAGGAATAGTTGGTACAAGACTTTCTATAATTATTCGTATAGAGTTAGCTAAACCCGGTTATATATTAGGTAATGGTCAATTATATAATTCTGTTTTAACTGCTCATGCTATTTTAATAATCTTCTTTATAGTTATACCTAGAATGATTGGTGGTTTTGGTAATTGATTATTACCACTAATATTAGGTGCTCCAGATATAAGATTTCCTCGTTTAAATAATGTAAGATTCTGATTATTACCAGCAGCTATATTTTTGATTTTAGATGCTTGTTTTGTTGATTCTGGTTGTGGTACTAGATGAACAGTTTATCCTCCATTAAGAACTATAGGTCATCCAGGTAGAAGAGTAGATTTAGCTATTTTTAGTCTTCACTGTTCTGGTATTAGTTCTATCTTAGGTGGAATTAATTTTATATGTACTACTAAAAATCTTCGTAGTAGTTCTATCTCTTTAGAACATATAAGTTTATTTGTATGAACAGTTTTTGTAACAGTATTTTTATTAGTTTTATCTCTACCTGTATTAGCTGGTGCTATCACTATACTTTTAACTGATCGTAATTTAAATACTTCTTTCTTTGACCCTAGAATAGGTGGTAATCCTTTGATTTATCAACATTTATTT","YARN_031","sample",23,"PB1F_bc1090","PB1R_bc1186_rc","D23",653
